Timestamp,Temperature,Humidity,SquareFootage,Occupancy,HVACUsage,LightingUsage,RenewableEnergy,DayOfWeek,Holiday,EnergyConsumption
2022-01-01 00:00:00,25.13943344,43.4315812,1565.693999,5,1,0,2.774698792,Monday,0,75.3643734
2022-01-01 01:00:00,27.73165052,54.22591858,1411.064918,1,1,1,21.83138415,Saturday,0,83.40185495
2022-01-01 02:00:00,28.70427686,58.90765774,1755.715009,2,0,0,6.764671682,Sunday,0,78.27088774
2022-01-01 03:00:00,20.08046949,50.37163715,1452.316318,1,0,1,8.623446893,Wednesday,0,56.51985049
2022-01-01 04:00:00,23.09735926,51.40142134,1094.130359,9,1,0,3.071969216,Friday,0,70.81173247
2022-01-01 05:00:00,29.57603739,36.82426323,1871.70918,6,0,0,17.62668982,Sunday,1,84.32188519
2022-01-01 06:00:00,25.13116712,35.70962155,1607.001228,6,1,0,24.26470233,Friday,1,76.1657909
2022-01-01 07:00:00,23.18284425,31.67991978,1633.95533,8,0,0,27.51709925,Thursday,1,74.13190618
2022-01-01 08:00:00,25.39199937,46.39936405,1240.309224,6,1,0,2.307595469,Sunday,0,78.20623587
2022-01-01 09:00:00,22.21254942,32.41846388,1705.420336,1,1,0,29.14007098,Tuesday,0,77.9922137
2022-01-01 10:00:00,28.06481358,36.45147179,1341.467129,2,0,0,0.3522383966,Monday,1,82.27443448
2022-01-01 11:00:00,23.42254626,30.52734216,1604.418355,6,1,1,19.52954815,Thursday,1,73.2786695
2022-01-01 12:00:00,25.38888849,47.60101803,1244.618914,1,1,0,21.7974436,Tuesday,1,84.14477566
2022-01-01 13:00:00,20.05873786,41.86164159,1806.052632,2,0,0,6.384949152,Friday,1,60.02251856
2022-01-01 14:00:00,26.73152478,37.29787045,1419.749014,6,0,0,12.07422314,Friday,1,81.18318756
2022-01-01 15:00:00,22.10024262,56.09917872,1144.806295,8,0,1,10.90077003,Sunday,0,74.08125629
2022-01-01 16:00:00,29.32557593,56.95417357,1620.861781,0,1,1,15.45399947,Friday,0,89.49820766
2022-01-01 17:00:00,23.74244749,42.24584548,1413.595107,1,1,0,3.940678288,Sunday,1,72.87244264
2022-01-01 18:00:00,27.52418922,47.17242968,1832.199779,9,1,0,19.68895831,Thursday,0,83.8998966
2022-01-01 19:00:00,27.63139002,36.14029374,1251.553721,4,1,1,8.848082816,Wednesday,1,82.0775794
2022-01-01 20:00:00,28.70499455,59.93189479,1211.261802,9,1,1,11.70397774,Friday,1,94.23628773
2022-01-01 21:00:00,21.10111178,30.41800645,1677.105261,3,0,0,14.51720371,Sunday,1,59.67238043
2022-01-01 22:00:00,23.0009198,43.63838293,1228.322377,1,0,0,4.302844586,Saturday,0,70.23522762
2022-01-01 23:00:00,24.74905766,57.21684865,1253.70886,6,1,1,0.6603375463,Tuesday,0,78.39420777
2022-01-02 00:00:00,26.72936719,46.19408777,1533.887523,8,1,0,18.58103401,Wednesday,0,87.84164466
2022-01-02 01:00:00,22.57592433,57.74957192,1040.206215,8,0,1,8.906945509,Tuesday,1,72.92984426
2022-01-02 02:00:00,27.0115132,52.63757188,1701.255341,9,1,1,24.05135508,Thursday,0,86.66909405
2022-01-02 03:00:00,26.57000059,43.33031196,1126.062798,7,0,1,2.943403432,Thursday,0,80.41142776
2022-01-02 04:00:00,21.82007758,56.85518813,1289.616033,3,0,1,25.51377464,Tuesday,1,64.212098
2022-01-02 05:00:00,23.22062993,46.07387943,1649.510353,2,0,1,18.27052819,Tuesday,0,74.16033755
2022-01-02 06:00:00,28.87537457,31.80313045,1887.201723,5,1,1,24.46883621,Tuesday,1,81.04958057
2022-01-02 07:00:00,20.83349161,51.14700702,1096.703128,1,1,0,21.86510035,Saturday,0,70.30817193
2022-01-02 08:00:00,27.4656412,34.94099104,1491.287949,9,1,0,4.645738606,Thursday,0,82.28439185
2022-01-02 09:00:00,20.62350049,50.14503354,1036.462317,6,0,1,0.3722012648,Saturday,0,59.84739269
2022-01-02 10:00:00,27.31481127,42.93605505,1876.510299,4,1,0,1.181331141,Tuesday,1,82.50403686
2022-01-02 11:00:00,27.42511355,32.39478807,1155.2301,9,1,0,8.166146957,Monday,1,82.78244589
2022-01-02 12:00:00,24.07915813,54.09504887,1850.322023,7,0,0,21.06081426,Tuesday,1,74.67411328
2022-01-02 13:00:00,29.91382999,53.34075279,1924.186121,0,1,0,25.84805423,Thursday,0,86.88913818
2022-01-02 14:00:00,24.52137299,42.27647349,1654.929977,7,1,0,1.647172332,Saturday,1,78.54242642
2022-01-02 15:00:00,21.89878543,48.63351463,1958.963536,4,1,1,20.21773266,Monday,1,77.22845716
2022-01-02 16:00:00,23.51626472,52.37155796,1517.168541,7,1,0,8.270639173,Saturday,1,73.73515146
2022-01-02 17:00:00,27.14811666,43.12086624,1296.581807,8,1,0,16.99702392,Saturday,1,91.84340825
2022-01-02 18:00:00,23.57435363,52.8516642,1491.880065,2,0,0,24.46090952,Thursday,0,73.35070513
2022-01-02 19:00:00,20.51618554,40.91849971,1114.230124,8,0,1,20.48909779,Monday,1,66.20209751
2022-01-02 20:00:00,23.15919004,33.08814922,1183.493606,6,0,1,15.65479222,Friday,1,77.85177635
2022-01-02 21:00:00,29.98804612,51.19663001,1516.752703,2,1,0,16.10496033,Monday,0,90.9814761
2022-01-02 22:00:00,22.87904857,30.35776229,1162.659354,7,1,1,13.39053893,Monday,1,81.91707933
2022-01-02 23:00:00,24.61795871,49.04122555,1666.043647,6,0,1,21.60015474,Tuesday,1,70.22461754
2022-01-03 00:00:00,27.35268111,36.25924919,1024.998986,6,0,1,22.17502218,Saturday,0,88.73376918
2022-01-03 01:00:00,29.43678951,48.84844941,1234.085368,2,0,0,6.662874484,Thursday,1,76.55502513
2022-01-03 02:00:00,21.75402643,45.53864309,1514.827037,4,0,0,9.846127122,Tuesday,0,62.05505494
2022-01-03 03:00:00,22.12421376,47.34391566,1919.119996,6,0,0,5.352018638,Friday,0,62.00189386
2022-01-03 04:00:00,21.32477613,33.61505671,1857.268369,9,1,1,13.52386674,Tuesday,1,80.45212742
2022-01-03 05:00:00,22.08681192,43.83891693,1325.600204,5,0,0,12.27482035,Monday,0,64.71822006
2022-01-03 06:00:00,29.95687945,56.7888056,1864.732366,8,1,0,4.938737937,Friday,1,91.87196451
2022-01-03 07:00:00,22.46645832,45.22840942,1902.803824,6,0,1,0.5770304431,Saturday,0,69.69226303
2022-01-03 08:00:00,21.10053159,52.70577939,1896.816079,7,0,0,25.00768208,Tuesday,0,63.85097613
2022-01-03 09:00:00,25.02320238,43.58649903,1434.526311,1,0,0,2.175137663,Thursday,1,68.80528578
2022-01-03 10:00:00,24.56121815,37.03931989,1689.455455,3,0,0,21.33171234,Thursday,1,76.30130929
2022-01-03 11:00:00,27.34490229,33.68329829,1187.613733,2,0,1,17.66395348,Saturday,0,84.03868416
2022-01-03 12:00:00,26.20943541,40.77160428,1038.67672,1,0,0,14.77971445,Monday,0,77.67379217
2022-01-03 13:00:00,26.21070227,42.08418296,1098.799328,7,0,0,1.554091826,Sunday,1,78.91225016
2022-01-03 14:00:00,21.50172634,43.35331519,1546.508246,9,0,0,20.7559032,Tuesday,1,64.04242488
2022-01-03 15:00:00,25.38274546,51.90269995,1350.756585,0,0,0,27.74804387,Tuesday,0,78.1872813
2022-01-03 16:00:00,21.20347244,49.61036981,1529.657115,7,0,1,17.18733145,Tuesday,0,63.39384819
2022-01-03 17:00:00,21.53025522,42.01688339,1660.535267,8,1,0,7.675986827,Sunday,0,76.1061781
2022-01-03 18:00:00,24.50178557,48.58331043,1631.634714,9,0,0,24.69638787,Monday,1,60.14423798
2022-01-03 19:00:00,24.29072347,36.98773403,1847.395629,6,1,0,10.95515496,Thursday,0,80.19264551
2022-01-03 20:00:00,27.33662081,50.87667729,1143.105177,7,1,1,27.62248446,Wednesday,1,86.22364507
2022-01-03 21:00:00,20.7357155,48.50663624,1836.542651,4,0,1,9.295439072,Friday,0,53.26327834
2022-01-03 22:00:00,22.7878583,43.95104865,1134.002616,6,0,0,20.36258261,Monday,1,64.96318367
2022-01-03 23:00:00,21.65293775,56.13704538,1140.60155,8,0,1,19.51286205,Tuesday,0,66.43892065
2022-01-04 00:00:00,25.08088138,59.67153433,1897.702224,8,0,0,14.39179975,Friday,0,75.91390632
2022-01-04 01:00:00,25.79251153,33.89221588,1849.829581,7,1,0,25.87596948,Wednesday,1,84.19146741
2022-01-04 02:00:00,26.38607928,43.29577762,1851.597741,5,1,0,17.47196483,Sunday,1,75.25176382
2022-01-04 03:00:00,22.14025704,49.42487794,1037.206885,7,0,1,3.32990754,Tuesday,1,75.01447098
2022-01-04 04:00:00,24.17577648,41.80015037,1198.625224,6,0,0,18.4706241,Sunday,0,69.36574478
2022-01-04 05:00:00,24.66814181,43.14091042,1310.874912,0,0,1,22.93605348,Saturday,1,78.04604233
2022-01-04 06:00:00,20.83069216,52.19017626,1772.085708,7,0,0,21.71119541,Thursday,1,67.48478775
2022-01-04 07:00:00,25.70272908,53.31665482,1050.317602,8,1,0,26.81710778,Sunday,0,78.2542879
2022-01-04 08:00:00,22.28517563,40.6599134,1688.890826,4,1,1,19.45596067,Tuesday,0,74.84338094
2022-01-04 09:00:00,20.3572972,52.95666984,1150.285169,8,1,0,21.06831112,Monday,0,64.64191193
2022-01-04 10:00:00,29.64529278,42.51360621,1417.593259,7,1,1,7.756313433,Friday,0,89.0884343
2022-01-04 11:00:00,20.74659947,39.36306812,1907.167579,0,1,1,11.89554762,Monday,0,73.15432865
2022-01-04 12:00:00,27.30480241,48.59586683,1348.377744,7,0,1,2.050682302,Wednesday,0,72.11709861
2022-01-04 13:00:00,25.02629924,48.0954382,1711.60936,7,1,1,0.06282655714,Sunday,1,76.72156433
2022-01-04 14:00:00,20.92610835,46.18534284,1619.552251,7,0,1,16.78869309,Saturday,1,65.97246107
2022-01-04 15:00:00,25.23949354,43.07836641,1601.813215,3,0,0,0.1949425875,Thursday,1,61.53670969
2022-01-04 16:00:00,24.34217961,47.40595644,1102.6057,8,0,0,1.316330486,Friday,1,77.38447784
2022-01-04 17:00:00,25.48016407,55.32138506,1408.278965,7,1,0,23.13402273,Thursday,1,76.07661992
2022-01-04 18:00:00,29.35006968,30.88538003,1045.036524,1,0,0,27.41681735,Sunday,1,74.86787369
2022-01-04 19:00:00,29.95050303,42.42525805,1679.773172,4,0,1,13.95318144,Friday,1,86.28935401
2022-01-04 20:00:00,26.62318074,37.72919218,1361.244781,6,0,0,27.20434275,Sunday,0,83.87525695
2022-01-04 21:00:00,23.54130272,34.53490594,1712.281769,8,0,0,29.2736974,Wednesday,1,83.45804939
2022-01-04 22:00:00,24.39157014,53.03415959,1982.783855,8,1,1,20.48767016,Sunday,0,81.9968284
2022-01-04 23:00:00,27.75515877,39.84810667,1355.38522,8,1,0,6.843562851,Wednesday,1,86.64692164
2022-01-05 00:00:00,26.28690619,40.70675768,1384.325256,3,1,1,9.713536759,Monday,1,75.98238075
2022-01-05 01:00:00,20.97990921,58.11562861,1179.486192,9,0,0,8.577365909,Friday,0,70.71436236
2022-01-05 02:00:00,26.5158606,58.65666761,1389.698224,8,0,0,25.93440019,Monday,0,81.74552951
2022-01-05 03:00:00,29.68616008,33.99960255,1419.462061,5,1,1,11.94414427,Sunday,1,85.1825525
2022-01-05 04:00:00,22.36951967,54.38705919,1167.0982,9,1,0,25.04634671,Wednesday,1,75.29040593
2022-01-05 05:00:00,23.92723747,53.67575902,1193.201025,9,1,1,6.51722412,Thursday,0,85.18197379
2022-01-05 06:00:00,20.82665215,39.19961425,1573.511481,9,1,1,27.63778504,Friday,0,72.76703721
2022-01-05 07:00:00,28.235508,54.70047192,1419.641313,5,0,1,21.38887254,Monday,0,81.81977545
2022-01-05 08:00:00,22.89496304,54.11511641,1364.471091,6,1,1,10.78918324,Sunday,1,78.64588466
2022-01-05 09:00:00,21.63998082,59.41123031,1258.096515,0,0,1,29.85772333,Saturday,0,66.95161484
2022-01-05 10:00:00,21.6313505,50.47608151,1888.701582,4,0,0,5.672987416,Tuesday,0,71.17906441
2022-01-05 11:00:00,22.77963693,58.58018635,1226.318727,1,0,0,25.2100739,Monday,0,63.8619102
2022-01-05 12:00:00,20.07062523,54.00859281,1457.864327,5,1,1,4.681821391,Friday,1,61.13094285
2022-01-05 13:00:00,27.48755598,38.51450683,1130.03783,2,0,1,8.811531071,Tuesday,1,79.72428614
2022-01-05 14:00:00,28.53814894,49.96585219,1512.138063,4,0,1,9.808761454,Sunday,1,81.89398686
2022-01-05 15:00:00,29.25702432,38.18426699,1293.97398,1,0,1,21.16298504,Saturday,0,85.36040307
2022-01-05 16:00:00,23.02144912,47.87589415,1610.793389,8,1,0,28.05386821,Wednesday,1,77.7764691
2022-01-05 17:00:00,24.74130361,38.02144716,1896.940877,2,1,1,23.23288102,Monday,0,87.7480046
2022-01-05 18:00:00,27.40315468,33.03160263,1237.345992,5,0,0,14.19955686,Sunday,1,72.39601158
2022-01-05 19:00:00,26.50637223,56.16762905,1300.443083,3,0,0,12.83219866,Tuesday,0,69.56901196
2022-01-05 20:00:00,22.67617722,47.26094947,1038.254822,6,0,0,20.96630383,Tuesday,1,73.25221626
2022-01-05 21:00:00,23.89271281,49.39507884,1887.437039,9,0,0,3.070709122,Tuesday,1,75.81440197
2022-01-05 22:00:00,29.05240879,39.08467957,1221.846716,8,0,0,7.374000375,Tuesday,0,86.53486773
2022-01-05 23:00:00,27.30842167,58.56743563,1239.62028,8,0,1,22.21096517,Monday,1,81.19093783
2022-01-06 00:00:00,20.76246135,30.50361681,1736.014903,4,1,0,8.830312239,Wednesday,0,76.9364531
2022-01-06 01:00:00,22.0627827,57.56876666,1204.3719,1,0,0,5.36431937,Sunday,0,64.59533738
2022-01-06 02:00:00,28.88318386,39.63866759,1600.051333,9,0,1,5.871164302,Saturday,0,81.10901891
2022-01-06 03:00:00,24.12705095,47.96403459,1188.104077,3,1,1,27.94493488,Sunday,1,70.25774285
2022-01-06 04:00:00,22.04510998,33.3242579,1735.080411,0,1,1,14.78081155,Tuesday,0,65.9814219
2022-01-06 05:00:00,23.46931367,31.18500406,1842.969833,4,1,1,4.066659492,Thursday,1,76.19515389
2022-01-06 06:00:00,24.12198922,36.22531925,1636.739575,1,0,0,11.77756818,Thursday,1,72.16382018
2022-01-06 07:00:00,27.55284508,34.5381823,1073.066166,3,0,0,17.60057071,Monday,0,74.11809532
2022-01-06 08:00:00,21.33084051,36.9476702,1518.000607,2,1,0,9.506523032,Saturday,0,73.9281436
2022-01-06 09:00:00,28.54821119,34.65484006,1096.857434,3,1,0,22.82542188,Wednesday,0,80.51166203
2022-01-06 10:00:00,23.79808176,59.35728859,1138.376816,2,0,1,24.21652918,Friday,0,68.56408772
2022-01-06 11:00:00,24.76878004,46.2216925,1075.241607,4,0,1,17.88195821,Friday,0,71.42759361
2022-01-06 12:00:00,21.30153697,52.10150863,1924.999794,0,1,0,24.40168326,Thursday,0,64.07696764
2022-01-06 13:00:00,22.72197376,35.89964366,1229.55799,1,0,1,7.759617922,Tuesday,0,57.48444204
2022-01-06 14:00:00,29.45837972,56.40345029,1724.596154,9,0,0,1.399989932,Wednesday,0,82.5977672
2022-01-06 15:00:00,24.74355527,43.27952524,1252.710602,2,0,0,26.16330551,Thursday,1,77.5180513
2022-01-06 16:00:00,21.52426617,33.25524914,1381.696148,7,0,0,11.54903846,Tuesday,0,71.01713961
2022-01-06 17:00:00,25.52147035,48.27578382,1300.704098,0,0,0,10.14602291,Saturday,1,64.69791036
2022-01-06 18:00:00,26.20669205,46.43151995,1659.148096,9,1,0,10.59393047,Monday,0,76.30888109
2022-01-06 19:00:00,28.4902659,44.50404119,1844.777201,0,0,1,29.35010468,Friday,1,80.00384749
2022-01-06 20:00:00,24.28568824,39.68855487,1194.877993,3,0,0,23.38926668,Friday,1,72.10407562
2022-01-06 21:00:00,29.58086952,45.41719161,1400.058462,6,1,0,28.04939871,Thursday,1,93.78946764
2022-01-06 22:00:00,21.956904,45.78312249,1520.142497,7,1,1,28.46248094,Wednesday,0,78.13896312
2022-01-06 23:00:00,25.16589294,39.60412762,1520.136082,3,1,1,2.933334154,Wednesday,0,87.32448956
2022-01-07 00:00:00,24.01594209,47.94053553,1568.28334,3,0,0,14.9938366,Sunday,1,74.17904404
2022-01-07 01:00:00,22.78816375,34.07807564,1710.949247,0,0,1,17.94625114,Thursday,0,69.91514118
2022-01-07 02:00:00,26.04089496,47.53823198,1494.26722,8,1,1,11.35995328,Thursday,1,91.5943548
2022-01-07 03:00:00,20.79672417,34.41135637,1294.459691,5,0,0,26.34952408,Thursday,1,76.13895451
2022-01-07 04:00:00,24.95147908,35.68303467,1607.748928,9,1,1,19.99657288,Monday,0,70.97691338
2022-01-07 05:00:00,24.74071986,46.13389978,1528.481676,4,1,1,26.28441196,Monday,0,79.43394002
2022-01-07 06:00:00,27.35805437,36.16290662,1054.171443,3,0,1,27.7558029,Tuesday,0,77.65217035
2022-01-07 07:00:00,22.93456303,34.016836,1081.982354,3,1,1,9.559637974,Thursday,1,74.11609389
2022-01-07 08:00:00,22.17088873,41.10062847,1336.849287,4,0,1,18.72630485,Friday,0,67.63764065
2022-01-07 09:00:00,22.05580615,47.31027362,1314.007738,6,1,1,29.55972039,Wednesday,1,72.59022722
2022-01-07 10:00:00,29.82050358,37.0324497,1657.764637,6,0,1,28.83562056,Sunday,0,85.12072843
2022-01-07 11:00:00,24.52923701,39.48944934,1587.929768,0,1,0,15.92369086,Wednesday,0,76.92758508
2022-01-07 12:00:00,29.58684969,53.87531481,1604.514215,1,1,0,25.67681807,Friday,1,82.96293306
2022-01-07 13:00:00,28.9610656,43.88354638,1686.83978,0,1,1,6.322472386,Friday,1,77.22008603
2022-01-07 14:00:00,24.40907037,43.31585057,1311.416477,3,0,0,20.39146637,Sunday,0,71.13106168
2022-01-07 15:00:00,24.09961989,45.08272118,1748.236267,2,0,1,27.23745792,Saturday,0,69.27222198
2022-01-07 16:00:00,26.60964172,59.72756653,1796.419286,7,0,1,13.96505272,Sunday,0,82.23684828
2022-01-07 17:00:00,29.33981338,46.06150306,1774.894356,5,1,0,15.41056318,Saturday,1,83.33161599
2022-01-07 18:00:00,28.04536975,39.32440919,1120.326504,3,1,0,21.23633846,Thursday,1,95.07096217
2022-01-07 19:00:00,24.74475303,30.16745158,1866.088986,0,1,1,8.620037739,Wednesday,0,79.8002501
2022-01-07 20:00:00,24.93943614,40.48957381,1536.626803,4,1,0,11.48617514,Tuesday,0,78.73050082
2022-01-07 21:00:00,22.55395012,41.0481825,1317.16133,1,1,1,15.18954074,Monday,1,85.42767735
2022-01-07 22:00:00,26.07494158,35.51732088,1531.885316,6,0,1,6.319200599,Thursday,0,84.03168983
2022-01-07 23:00:00,20.63269073,50.95243488,1004.40655,5,1,1,26.35900959,Tuesday,0,72.89058362
2022-01-08 00:00:00,25.71473454,42.29866537,1999.204208,1,1,1,29.56586339,Saturday,0,75.61498189
2022-01-08 01:00:00,20.91479245,31.71009383,1486.780868,5,0,1,4.306860348,Friday,0,71.78964722
2022-01-08 02:00:00,25.20534149,48.64990088,1533.208172,3,0,0,4.054742653,Wednesday,0,63.00815766
2022-01-08 03:00:00,25.97652406,38.48415292,1595.427693,4,1,1,16.20520434,Tuesday,0,94.55062457
2022-01-08 04:00:00,27.72641369,53.33917902,1751.722623,2,1,0,21.64735838,Wednesday,1,83.57683054
2022-01-08 05:00:00,25.25112028,33.63497477,1822.877933,4,1,1,4.462679925,Monday,1,84.69317341
2022-01-08 06:00:00,26.39275138,52.9465257,1387.117574,2,0,0,4.67036882,Sunday,0,78.58613842
2022-01-08 07:00:00,25.40366892,38.21610477,1739.931874,2,1,0,29.11892004,Tuesday,0,75.64668455
2022-01-08 08:00:00,22.65582435,54.16381829,1086.475957,7,0,1,8.7797632,Wednesday,1,73.20686742
2022-01-08 09:00:00,23.10978492,53.83190188,1483.8715,1,1,0,28.16249105,Tuesday,0,74.33393532
2022-01-08 10:00:00,24.43071128,37.29842102,1423.298593,9,1,1,19.14516301,Monday,1,81.30053663
2022-01-08 11:00:00,23.76846846,49.08568113,1312.446457,7,1,0,16.7533702,Thursday,0,78.22920749
2022-01-08 12:00:00,25.6731838,55.43730018,1353.519698,0,0,0,14.25524744,Saturday,0,75.41031586
2022-01-08 13:00:00,24.1287517,56.93177701,1666.713713,3,1,1,24.83746927,Sunday,0,71.18623046
2022-01-08 14:00:00,29.53401925,35.29794527,1949.338478,2,0,1,9.666940423,Tuesday,1,92.86092549
2022-01-08 15:00:00,25.96679016,38.73382129,1616.558512,7,1,1,27.38824467,Thursday,0,82.10276684
2022-01-08 16:00:00,24.74086027,45.39176156,1685.674659,4,1,1,16.57386107,Friday,1,78.28652838
2022-01-08 17:00:00,29.95499539,55.09653944,1107.20298,5,0,0,26.99403989,Friday,0,86.08746919
2022-01-08 18:00:00,22.25393777,39.75479364,1899.087526,7,1,0,26.92693129,Saturday,1,74.57680498
2022-01-08 19:00:00,24.54321848,31.32913858,1556.659145,9,1,1,9.653999291,Thursday,1,90.53846529
2022-01-08 20:00:00,24.34197661,43.53846921,1332.287419,3,1,0,24.95227605,Sunday,1,76.76832119
2022-01-08 21:00:00,27.60557613,58.52258032,1573.324026,8,0,1,10.05239432,Monday,0,86.41515216
2022-01-08 22:00:00,25.71536181,57.64434178,1623.782677,5,1,1,26.93957739,Monday,0,76.19438265
2022-01-08 23:00:00,26.88056182,51.62348564,1118.167486,4,0,1,16.40120437,Tuesday,0,76.93391964
2022-01-09 00:00:00,24.11976441,41.22561416,1291.10838,0,0,1,1.887773804,Thursday,1,71.05504381
2022-01-09 01:00:00,22.17423028,37.66492665,1566.181145,9,0,1,15.48863414,Friday,1,77.39615133
2022-01-09 02:00:00,21.46866746,34.52321016,1666.939064,8,0,1,28.99059534,Sunday,0,70.65426607
2022-01-09 03:00:00,22.54704875,46.11825117,1722.155626,3,1,0,17.52664179,Wednesday,0,67.8075495
2022-01-09 04:00:00,23.95915996,31.20897742,1730.53109,2,1,1,2.142625934,Tuesday,1,72.07174962
2022-01-09 05:00:00,20.68444001,38.48799934,1284.531145,0,1,0,13.51040468,Thursday,1,59.60890189
2022-01-09 06:00:00,28.00033639,57.80399003,1291.775954,7,1,1,5.304088924,Thursday,1,90.01159284
2022-01-09 07:00:00,20.68728253,34.00230405,1801.960183,6,1,0,2.463103827,Friday,0,73.37704701
2022-01-09 08:00:00,20.37295544,49.62542405,1426.7291,4,0,0,6.677800602,Saturday,1,70.97874709
2022-01-09 09:00:00,21.99294281,46.86319509,1559.188457,3,1,1,14.64647274,Friday,0,74.37957432
2022-01-09 10:00:00,22.22280235,50.01013663,1314.51276,7,0,1,0.6575869823,Thursday,0,67.64237008
2022-01-09 11:00:00,22.64655952,31.24166277,1365.62198,0,0,1,22.63632475,Friday,1,71.5353959
2022-01-09 12:00:00,20.14509495,54.1466994,1021.604252,6,0,0,20.02054349,Thursday,1,65.28898283
2022-01-09 13:00:00,23.85243516,34.38852565,1829.157054,1,0,1,1.066889835,Friday,0,72.43112713
2022-01-09 14:00:00,26.82715303,52.87742398,1262.629873,3,0,0,24.09204889,Tuesday,0,75.68903568
2022-01-09 15:00:00,20.98349283,54.43680566,1360.452426,0,1,0,20.94453724,Thursday,0,71.77872061
2022-01-09 16:00:00,26.94394101,31.95760009,1846.266567,0,1,1,0.06845674286,Saturday,0,80.04392594
2022-01-09 17:00:00,20.91870129,35.61912355,1541.747142,8,0,1,1.546592369,Friday,1,75.3694377
2022-01-09 18:00:00,28.79848358,37.71604787,1091.835261,7,1,1,0.2983334029,Wednesday,1,86.5505985
2022-01-09 19:00:00,24.4803593,56.39299101,1184.701107,7,0,1,5.728590972,Friday,0,71.9381497
2022-01-09 20:00:00,25.64310242,51.8397139,1196.761673,5,1,0,14.01738503,Tuesday,1,87.13708266
2022-01-09 21:00:00,24.21717975,53.53776086,1319.809653,6,1,0,26.67668967,Friday,1,73.58696137
2022-01-09 22:00:00,28.03065679,30.40053419,1185.714418,2,1,1,13.43734792,Tuesday,0,90.72509868
2022-01-09 23:00:00,23.3656332,52.01581684,1582.221432,5,1,1,18.34974043,Sunday,0,72.99628149
2022-01-10 00:00:00,23.26041505,50.94770949,1326.224568,5,0,0,28.83875615,Thursday,0,85.68075278
2022-01-10 01:00:00,21.14941244,51.28670038,1979.932749,8,0,1,16.44413805,Saturday,0,69.30518445
2022-01-10 02:00:00,28.17756623,41.06552863,1406.193618,0,1,0,6.408111896,Tuesday,1,73.9998394
2022-01-10 03:00:00,21.00449301,32.80371969,1188.506575,4,1,0,0.3417810546,Monday,0,70.28576214
2022-01-10 04:00:00,20.95706615,54.45741561,1801.360611,6,1,0,20.88179066,Monday,0,75.17636555
2022-01-10 05:00:00,26.97011494,46.54399814,1740.211558,6,1,1,2.140057382,Friday,1,86.71559756
2022-01-10 06:00:00,29.38485263,49.77790579,1950.040352,8,0,0,24.15966124,Monday,1,90.45215551
2022-01-10 07:00:00,20.98606705,59.66964947,1764.517442,2,1,0,8.49549882,Wednesday,0,64.36966291
2022-01-10 08:00:00,22.93476989,50.51657628,1284.598325,7,0,0,24.08005224,Friday,1,68.35678499
2022-01-10 09:00:00,21.3018444,43.8944118,1157.240058,2,1,0,21.22624624,Saturday,1,70.38082621
2022-01-10 10:00:00,23.97674187,53.50082641,1280.723494,4,0,1,7.347493561,Friday,1,77.70804435
2022-01-10 11:00:00,25.68058909,52.69300848,1665.067603,3,0,0,12.68259726,Monday,0,68.52149457
2022-01-10 12:00:00,28.29829485,45.3449309,1908.788264,0,0,0,11.43388046,Friday,0,77.87769146
2022-01-10 13:00:00,24.28433918,50.42035656,1016.575489,2,1,1,1.743926333,Friday,1,77.73573441
2022-01-10 14:00:00,27.76634288,58.50555771,1341.811585,1,0,1,21.06110625,Saturday,1,83.24548579
2022-01-10 15:00:00,23.97321246,46.83211679,1698.041315,8,1,1,0.006642105191,Tuesday,1,80.30181828
2022-01-10 16:00:00,24.69385893,39.95088081,1873.01465,3,0,0,10.97602138,Wednesday,1,76.1119173
2022-01-10 17:00:00,24.52415184,59.47546095,1601.794428,2,0,0,20.45623832,Wednesday,0,64.04576015
2022-01-10 18:00:00,22.34272772,35.84058972,1317.541539,7,1,0,29.36612555,Friday,1,77.01609484
2022-01-10 19:00:00,23.18850677,58.87111761,1880.033111,5,1,0,9.79157509,Wednesday,0,78.73329793
2022-01-10 20:00:00,29.72049067,32.42367573,1836.425058,5,0,1,5.494192274,Thursday,1,87.44225579
2022-01-10 21:00:00,20.86510055,52.23935393,1765.921208,4,1,1,0.08750298487,Tuesday,0,72.43118969
2022-01-10 22:00:00,26.32086544,30.71754452,1288.259183,5,0,0,7.871969156,Monday,0,76.71624498
2022-01-10 23:00:00,21.4254451,51.56712436,1693.354908,3,1,0,14.94325021,Friday,0,67.8069676
2022-01-11 00:00:00,25.10085139,36.13765007,1816.960958,3,1,0,15.27219546,Thursday,0,74.66520659
2022-01-11 01:00:00,21.92645426,44.60597384,1135.054165,5,1,1,4.858260889,Tuesday,0,77.02412226
2022-01-11 02:00:00,20.25156964,54.34084196,1474.997244,0,0,0,9.8706056,Sunday,0,57.90048341
2022-01-11 03:00:00,25.12261404,31.32321576,1101.862541,9,0,0,14.98752132,Thursday,0,73.95195603
2022-01-11 04:00:00,24.44409974,44.29228906,1706.911068,2,0,0,7.42218111,Thursday,0,77.15892669
2022-01-11 05:00:00,26.71812178,48.10132015,1115.925877,7,1,0,25.13730273,Tuesday,0,93.00944697
2022-01-11 06:00:00,22.4653627,43.03348624,1514.308423,9,0,1,16.65941548,Monday,0,80.36211599
2022-01-11 07:00:00,29.65988408,34.04228577,1568.192634,4,1,0,24.64624628,Friday,1,92.52121147
2022-01-11 08:00:00,24.29302166,32.05925208,1953.958265,3,1,1,0.2688756353,Wednesday,0,72.66316703
2022-01-11 09:00:00,26.52703823,45.75926969,1208.278118,8,0,1,12.06221344,Friday,0,78.20231068
2022-01-11 10:00:00,26.9040665,30.24919989,1062.21241,4,1,0,9.694658634,Thursday,0,90.49170426
2022-01-11 11:00:00,29.49047183,34.62720152,1232.089405,5,0,0,4.54383583,Wednesday,1,76.68183998
2022-01-11 12:00:00,26.70387505,38.37927804,1422.839907,2,1,1,27.41540257,Sunday,1,81.51851629
2022-01-11 13:00:00,21.82934211,42.41534005,1874.412765,1,0,1,20.15849932,Friday,1,67.3154283
2022-01-11 14:00:00,26.50239154,53.38212898,1079.811646,8,0,1,1.610798161,Thursday,0,79.49660135
2022-01-11 15:00:00,28.1269735,46.25417393,1351.910366,7,1,1,9.621473405,Sunday,1,86.4473386
2022-01-11 16:00:00,28.40625304,50.72526184,1439.869568,5,1,1,3.955794407,Monday,1,93.6948066
2022-01-11 17:00:00,24.64643325,51.58216767,1491.100376,3,1,0,4.89174996,Friday,0,79.48953463
2022-01-11 18:00:00,26.69364456,56.49109549,1765.430302,8,1,0,9.455556881,Friday,1,71.90487922
2022-01-11 19:00:00,29.21109492,36.39495471,1977.21851,0,0,0,15.39731718,Thursday,0,77.41385904
2022-01-11 20:00:00,24.95024648,48.10440687,1513.072128,0,0,1,23.67966477,Monday,0,68.4685336
2022-01-11 21:00:00,24.60361605,47.17522364,1280.239159,6,0,0,15.122463,Monday,1,72.99317043
2022-01-11 22:00:00,29.59193085,57.25634011,1042.072049,0,0,0,14.32804046,Saturday,1,83.22600601
2022-01-11 23:00:00,29.87654879,39.69924262,1181.746516,1,1,0,13.21165083,Sunday,0,80.43141464
2022-01-12 00:00:00,29.44648388,45.99409147,1702.156765,9,0,0,6.392152776,Wednesday,1,81.66465478
2022-01-12 01:00:00,29.59943709,50.61874931,1006.225367,5,1,1,0.8899838886,Tuesday,1,91.90838131
2022-01-12 02:00:00,22.554829,47.79164857,1130.002404,2,1,0,2.181907546,Tuesday,1,65.67603413
2022-01-12 03:00:00,26.14800868,30.73840414,1468.417536,5,1,0,23.69130794,Saturday,1,76.23584839
2022-01-12 04:00:00,24.9294248,36.42623784,1341.907645,8,1,1,11.48722706,Tuesday,1,81.54680099
2022-01-12 05:00:00,24.79754332,44.30745725,1887.094636,8,0,1,6.746035149,Sunday,0,83.75995735
2022-01-12 06:00:00,23.34986439,33.09846361,1721.521278,3,1,1,5.524544063,Wednesday,1,76.63972945
2022-01-12 07:00:00,24.60072168,43.64622715,1854.877725,7,0,1,16.99570717,Sunday,1,73.62997122
2022-01-12 08:00:00,25.00628702,38.08050133,1766.627016,3,1,0,17.59087244,Wednesday,1,86.84928585
2022-01-12 09:00:00,20.70318134,41.90536535,1494.202548,4,1,1,27.68963213,Friday,1,66.84867535
2022-01-12 10:00:00,23.47439429,39.76224025,1602.643188,8,0,1,13.96028653,Sunday,1,73.05780674
2022-01-12 11:00:00,22.85977795,37.40112554,1508.016302,1,0,0,7.00028557,Sunday,0,74.12653715
2022-01-12 12:00:00,23.67904809,34.90069736,1148.556604,2,1,1,20.45040473,Saturday,1,79.93849947
2022-01-12 13:00:00,28.31838876,40.43914067,1171.732125,1,0,0,25.90073034,Wednesday,0,78.63688458
2022-01-12 14:00:00,25.30446489,48.43951186,1886.218328,1,1,0,5.689415414,Wednesday,0,65.44542802
2022-01-12 15:00:00,22.0920897,50.56506501,1946.481533,7,0,1,20.7563144,Friday,0,74.71188396
2022-01-12 16:00:00,22.74014527,45.29156765,1278.906088,7,1,1,28.70118419,Friday,1,71.56881317
2022-01-12 17:00:00,29.24867278,48.0876758,1025.039867,4,1,0,25.68331375,Thursday,1,91.49098229
2022-01-12 18:00:00,21.43070683,47.48688287,1481.148287,3,1,0,19.35165962,Friday,1,66.97225234
2022-01-12 19:00:00,23.77869184,52.77726686,1867.167664,1,0,0,6.550839097,Tuesday,0,75.6791713
2022-01-12 20:00:00,24.73198341,36.3413988,1669.067314,3,0,1,2.741609339,Sunday,0,66.829458
2022-01-12 21:00:00,25.59778919,36.56132746,1473.098687,2,1,1,7.20533869,Saturday,1,86.77961956
2022-01-12 22:00:00,29.7437296,34.16691651,1249.793987,7,0,1,7.745269765,Friday,0,83.34114368
2022-01-12 23:00:00,24.22326633,49.20816171,1228.296923,2,0,1,0.2514752012,Saturday,0,66.15000122
2022-01-13 00:00:00,23.3246254,36.35477557,1241.383361,0,0,0,17.02774376,Wednesday,0,66.17761965
2022-01-13 01:00:00,28.30389189,46.03217441,1085.15003,3,1,1,15.78420573,Sunday,1,94.17851811
2022-01-13 02:00:00,29.62555554,39.95413533,1498.321114,7,1,0,9.1113464,Saturday,1,89.63251802
2022-01-13 03:00:00,20.61257094,49.69353549,1991.557954,7,1,1,22.23655122,Tuesday,0,71.85136903
2022-01-13 04:00:00,29.92767645,54.17914066,1182.70946,1,1,0,13.39578773,Friday,0,85.9255532
2022-01-13 05:00:00,27.32678192,51.07481121,1920.44078,0,0,1,0.7025888438,Thursday,1,72.64321481
2022-01-13 06:00:00,21.84143669,57.52847927,1214.57555,1,0,0,2.915925006,Sunday,1,71.36935559
2022-01-13 07:00:00,21.11869315,47.80595112,1883.415024,0,0,0,0.05576311222,Wednesday,0,56.1582064
2022-01-13 08:00:00,20.75179599,44.10279929,1960.701997,5,0,1,22.33604309,Sunday,1,64.15908028
2022-01-13 09:00:00,26.1699493,47.69281518,1153.669669,6,0,1,2.911490867,Tuesday,1,78.55300132
2022-01-13 10:00:00,23.17225963,49.57771081,1723.565008,8,1,0,26.68758646,Wednesday,0,83.95704997
2022-01-13 11:00:00,25.27281636,40.19363642,1047.033693,1,0,1,6.13984772,Thursday,0,71.79237551
2022-01-13 12:00:00,21.80078577,49.95024475,1700.670826,9,1,1,6.81282582,Friday,0,75.05653078
2022-01-13 13:00:00,29.672113,56.54390695,1196.241144,8,0,1,2.505440498,Thursday,0,80.48703556
2022-01-13 14:00:00,25.7448875,58.60466369,1125.725341,5,0,0,18.97190654,Friday,1,85.70653026
2022-01-13 15:00:00,28.37152111,58.46165461,1614.187582,3,0,1,19.90845075,Thursday,1,84.58609727
2022-01-13 16:00:00,23.33691173,46.071802,1444.129218,4,0,1,8.829936835,Monday,1,71.58907833
2022-01-13 17:00:00,29.07327456,55.48688644,1914.452129,0,1,0,6.271506604,Thursday,1,79.7663742
2022-01-13 18:00:00,24.49606284,59.55584186,1783.052712,5,1,0,22.66624405,Wednesday,0,68.19559791
2022-01-13 19:00:00,24.00580156,49.42088782,1711.853654,3,1,0,24.3861639,Sunday,1,66.00177993
2022-01-13 20:00:00,27.92221349,44.01894863,1858.664944,2,0,1,11.72468398,Friday,1,80.51439622
2022-01-13 21:00:00,24.04782383,54.58723427,1758.418359,8,1,0,14.16224654,Monday,0,83.21939504
2022-01-13 22:00:00,28.8373016,38.59751388,1729.45099,5,1,1,6.658910551,Monday,1,96.24479647
2022-01-13 23:00:00,24.10029689,40.03157327,1892.423853,9,0,1,21.79489396,Tuesday,0,73.10864189
2022-01-14 00:00:00,20.96062913,50.87546353,1380.044354,5,0,1,26.66840494,Saturday,1,69.61597784
2022-01-14 01:00:00,24.82875709,55.59731295,1057.992856,3,1,1,26.09970701,Monday,0,85.17992012
2022-01-14 02:00:00,27.70701191,30.19725981,1856.875949,2,1,0,25.99038736,Monday,0,84.49219677
2022-01-14 03:00:00,21.43657362,35.16035087,1545.78603,4,1,0,3.345312385,Monday,0,70.5360059
2022-01-14 04:00:00,21.86940692,34.39734417,1189.848654,5,0,0,21.28429736,Friday,1,60.49180014
2022-01-14 05:00:00,26.89542245,33.03578217,1757.083861,6,1,0,22.39940596,Monday,0,82.16772173
2022-01-14 06:00:00,29.84140366,31.51442417,1549.15279,3,0,0,3.058343591,Sunday,1,81.9120408
2022-01-14 07:00:00,21.62325004,57.40925627,1090.631615,2,0,1,10.88501214,Sunday,0,70.01666703
2022-01-14 08:00:00,29.97116493,30.52168416,1868.887373,5,1,1,24.14811815,Wednesday,0,94.07625485
2022-01-14 09:00:00,24.47568309,55.10140769,1121.294476,3,1,1,26.92387137,Thursday,1,74.4007924
2022-01-14 10:00:00,27.74669993,39.67821113,1390.032795,5,1,1,9.239299591,Saturday,1,89.50707092
2022-01-14 11:00:00,26.4789894,53.26256144,1491.743949,6,0,1,29.39875844,Sunday,0,81.44492044
2022-01-14 12:00:00,29.66139079,30.62518842,1073.071788,7,1,1,17.32860157,Monday,1,82.02665399
2022-01-14 13:00:00,28.49538571,49.5700364,1217.105162,8,0,0,26.79984969,Sunday,1,86.5897196
2022-01-14 14:00:00,23.67663813,38.6002447,1911.639677,6,1,1,14.11830837,Sunday,0,73.31338433
2022-01-14 15:00:00,22.97624726,49.55548713,1015.941233,6,0,0,11.26470756,Sunday,0,63.94519034
2022-01-14 16:00:00,25.55609209,53.10644794,1109.223795,4,0,1,8.216058868,Sunday,0,71.68215977
2022-01-14 17:00:00,24.35567264,50.65458482,1966.993047,3,1,1,10.24393778,Wednesday,0,80.88488371
2022-01-14 18:00:00,22.49358412,30.6912718,1754.01045,4,1,1,26.903882,Wednesday,0,69.36518466
2022-01-14 19:00:00,25.02810359,54.2472966,1504.392672,9,1,0,19.21904149,Saturday,0,77.11135725
2022-01-14 20:00:00,24.75421612,54.10080906,1314.10901,0,0,0,1.212165648,Tuesday,1,66.83338951
2022-01-14 21:00:00,26.66012137,41.6449655,1185.894176,7,0,1,8.453895466,Saturday,1,86.27594101
2022-01-14 22:00:00,29.94055445,51.64890692,1581.513932,8,1,0,10.14345015,Friday,0,93.67536719
2022-01-14 23:00:00,25.29279314,56.57839325,1863.03798,9,1,1,9.6459162,Wednesday,1,78.51637754
2022-01-15 00:00:00,29.83575267,34.78760836,1792.500538,8,1,1,14.45388231,Thursday,0,92.94947424
2022-01-15 01:00:00,28.32308056,40.20273701,1857.794298,8,0,0,27.62956906,Saturday,0,81.03512874
2022-01-15 02:00:00,23.53054302,45.03108411,1126.499409,7,0,1,28.95438072,Monday,0,82.69984872
2022-01-15 03:00:00,25.48592542,48.30514746,1091.289908,5,1,1,12.94019903,Tuesday,0,72.51616454
2022-01-15 04:00:00,29.10335662,32.39645093,1049.155493,4,1,1,18.62522881,Sunday,0,89.10422124
2022-01-15 05:00:00,23.60485467,59.20251243,1345.880429,2,1,0,17.47940645,Sunday,0,75.10348088
2022-01-15 06:00:00,22.20113547,58.28733926,1388.750561,5,1,1,13.46685625,Saturday,1,67.43476731
2022-01-15 07:00:00,29.64724751,56.63048279,1930.909344,7,1,0,3.772035157,Sunday,1,87.24482058
2022-01-15 08:00:00,22.53992237,49.58991818,1600.222507,9,0,1,19.3054792,Friday,1,71.39509194
2022-01-15 09:00:00,29.15644142,35.71379302,1080.115793,2,1,1,21.90718983,Sunday,1,86.43309226
2022-01-15 10:00:00,20.79239753,41.96566758,1241.691331,3,1,0,21.47222101,Saturday,0,68.24350216
2022-01-15 11:00:00,21.76621987,43.39761996,1872.308593,8,1,0,29.06376071,Thursday,0,77.32618941
2022-01-15 12:00:00,27.41869693,50.70620208,1215.583918,9,1,1,2.414500701,Thursday,1,87.63455304
2022-01-15 13:00:00,29.59878688,32.49968359,1688.787752,2,0,1,11.41488662,Sunday,0,85.04770452
2022-01-15 14:00:00,22.88336431,57.85274831,1828.996906,8,0,0,5.829146695,Friday,0,73.25681014
2022-01-15 15:00:00,24.12386224,33.7955033,1370.835156,9,1,1,9.351029967,Thursday,1,86.13804178
2022-01-15 16:00:00,24.92036121,59.29309197,1250.88503,5,0,0,11.10518091,Friday,0,73.3017085
2022-01-15 17:00:00,24.86707217,56.90693872,1872.040324,9,1,0,27.15550741,Sunday,0,77.75822606
2022-01-15 18:00:00,26.41607206,58.01014968,1060.654759,0,0,0,0.4503293352,Monday,0,69.98089973
2022-01-15 19:00:00,29.93409192,51.026985,1008.280994,2,0,1,12.04111702,Wednesday,0,81.71962013
2022-01-15 20:00:00,26.64132605,55.26262006,1004.80544,8,0,0,15.1061507,Saturday,0,83.18770624
2022-01-15 21:00:00,29.53147229,47.13663552,1740.725987,3,0,0,25.73008295,Friday,0,74.50066582
2022-01-15 22:00:00,25.64960485,37.51772637,1972.874141,4,1,0,21.76957922,Sunday,0,85.30242791
2022-01-15 23:00:00,20.58670995,49.40760943,1060.10181,4,0,1,16.68383143,Wednesday,1,68.16641917
2022-01-16 00:00:00,25.01509889,39.80485802,1151.83992,1,1,0,18.05688062,Friday,0,78.27308086
2022-01-16 01:00:00,27.0852004,55.76623297,1633.958826,5,1,0,5.863375031,Thursday,1,83.73032137
2022-01-16 02:00:00,25.46302669,43.33426883,1061.81333,3,1,0,6.616040041,Sunday,1,91.26509967
2022-01-16 03:00:00,24.93275763,37.65871505,1143.834081,0,1,1,6.538046915,Sunday,0,84.2700706
2022-01-16 04:00:00,20.72985222,51.52162744,1630.316993,6,1,0,27.39932798,Wednesday,1,72.99259685
2022-01-16 05:00:00,26.594866,43.34592018,1337.23185,0,0,1,24.85436673,Sunday,0,82.85963589
2022-01-16 06:00:00,23.94562058,34.18784623,1449.930686,1,1,1,26.59390736,Friday,0,77.19419321
2022-01-16 07:00:00,27.43320714,52.27813671,1753.844901,1,1,1,19.70004721,Wednesday,0,94.62023821
2022-01-16 08:00:00,29.45484493,39.18904981,1279.299707,9,1,0,21.63752986,Monday,0,89.00357445
2022-01-16 09:00:00,26.62576346,55.98718707,1057.987038,0,0,0,19.49500805,Monday,0,68.83167001
2022-01-16 10:00:00,24.20913824,55.10484936,1310.216628,6,1,1,15.71749887,Wednesday,0,84.01097145
2022-01-16 11:00:00,27.24652907,36.55317638,1069.90464,9,0,1,5.686641213,Tuesday,1,78.97905452
2022-01-16 12:00:00,22.8755812,53.10523438,1032.432519,5,0,1,21.07938414,Sunday,0,67.48245503
2022-01-16 13:00:00,26.49049171,59.58797279,1439.456847,5,0,0,20.62681737,Sunday,1,78.83221237
2022-01-16 14:00:00,29.84783586,57.01353259,1250.502412,3,0,0,20.19580681,Saturday,0,89.16170791
2022-01-16 15:00:00,25.75067032,45.98494058,1911.435831,1,1,1,7.607161857,Tuesday,1,80.90873749
2022-01-16 16:00:00,26.21152124,56.22313076,1145.238586,1,0,1,3.207135841,Tuesday,1,69.84644934
2022-01-16 17:00:00,25.27197428,37.92865642,1888.949795,9,1,0,23.70844237,Wednesday,1,93.61749393
2022-01-16 18:00:00,24.68514769,59.81235329,1899.37404,4,0,1,19.01007423,Tuesday,0,71.72043318
2022-01-16 19:00:00,29.9895841,48.61326428,1933.022912,4,0,1,14.99413605,Sunday,1,78.84560725
2022-01-16 20:00:00,21.76251707,46.15261304,1353.916491,6,1,0,10.67524944,Tuesday,1,73.12301846
2022-01-16 21:00:00,21.30134059,55.44536299,1697.483283,0,0,1,26.89240297,Saturday,1,63.87007077
2022-01-16 22:00:00,27.12107588,48.23358401,1396.999365,0,0,1,21.96496812,Friday,1,79.85590095
2022-01-16 23:00:00,28.77905874,46.13660981,1531.354851,3,0,0,1.956513733,Tuesday,0,87.41590659
2022-01-17 00:00:00,24.34655109,33.72474823,1184.320635,8,0,1,12.17554646,Friday,0,78.57276368
2022-01-17 01:00:00,28.04969083,52.79268373,1415.155001,3,1,1,28.15095141,Saturday,0,91.41236537
2022-01-17 02:00:00,27.22657085,52.91281321,1899.075864,7,0,1,15.50789431,Sunday,0,81.73188629
2022-01-17 03:00:00,27.87594566,41.81840052,1796.807157,0,0,0,8.364369434,Saturday,0,79.16418647
2022-01-17 04:00:00,28.97886961,51.24236023,1089.512707,6,1,1,2.929443964,Monday,0,86.15217411
2022-01-17 05:00:00,27.06668311,56.01806487,1745.395028,4,1,0,14.83752519,Saturday,1,81.36888677
2022-01-17 06:00:00,24.41382889,51.71472607,1142.323647,1,0,0,9.115813381,Monday,1,71.93956194
2022-01-17 07:00:00,29.76420304,40.90101345,1463.830143,6,1,1,15.32149934,Saturday,0,99.20111959
2022-01-17 08:00:00,22.11281096,52.75234457,1603.331728,1,0,0,8.886757104,Thursday,1,63.12270832
2022-01-17 09:00:00,24.94066,45.42159697,1121.270734,0,1,0,16.14057289,Thursday,1,81.98142865
2022-01-17 10:00:00,24.5772561,33.4144626,1922.098639,2,1,0,12.05447545,Saturday,0,80.25248579
2022-01-17 11:00:00,21.25280329,44.90855786,1562.603933,5,0,1,24.05323415,Sunday,1,71.29929558
2022-01-17 12:00:00,29.88439348,40.98758783,1329.978844,5,0,0,24.55518799,Friday,0,88.01461175
2022-01-17 13:00:00,20.64424767,54.84719994,1798.355879,7,0,0,5.769555507,Thursday,1,66.26932558
2022-01-17 14:00:00,28.11388728,36.61340149,1409.05172,8,1,1,16.78885099,Wednesday,0,82.26693883
2022-01-17 15:00:00,28.13017741,35.9940349,1766.32019,0,1,1,8.176593435,Tuesday,1,87.04307525
2022-01-17 16:00:00,21.08859493,41.24566052,1861.475087,8,1,1,1.734681289,Wednesday,1,77.37513106
2022-01-17 17:00:00,23.77636032,40.34706645,1157.145018,2,0,1,22.02229095,Wednesday,0,65.98179417
2022-01-17 18:00:00,22.23464557,47.22998828,1855.502668,3,0,0,25.9874649,Wednesday,1,60.54145962
2022-01-17 19:00:00,29.08209887,40.03960863,1774.511567,6,0,0,19.17301219,Tuesday,1,92.04714124
2022-01-17 20:00:00,26.59340245,52.41616513,1210.743888,8,0,0,20.44069759,Saturday,0,85.23654874
2022-01-17 21:00:00,22.16261967,34.69720844,1104.329447,5,1,0,20.53965996,Sunday,1,64.86892379
2022-01-17 22:00:00,24.60026864,58.78197615,1103.331647,1,0,1,12.41549515,Friday,1,65.37884109
2022-01-17 23:00:00,28.87070395,31.76771768,1915.36487,3,1,0,8.410630942,Thursday,0,88.69140252
2022-01-18 00:00:00,29.9632329,52.72792152,1419.504118,5,0,1,20.74311353,Wednesday,1,86.91937064
2022-01-18 01:00:00,23.75121949,49.32718645,1603.57593,9,1,1,0.1204187478,Friday,0,83.90650417
2022-01-18 02:00:00,24.79179807,30.57037532,1499.924579,5,0,0,3.497016332,Monday,0,74.11456006
2022-01-18 03:00:00,22.29635671,40.90136169,1568.750108,8,1,0,21.5781857,Tuesday,0,83.89109971
2022-01-18 04:00:00,21.9681776,50.37893002,1709.390544,8,1,0,2.938315981,Friday,0,71.04837024
2022-01-18 05:00:00,25.04055099,44.50249176,1493.82492,5,1,1,22.54505034,Saturday,0,81.6767512
2022-01-18 06:00:00,24.79052752,52.75583247,1514.533363,5,1,1,17.7301605,Wednesday,1,85.43330465
2022-01-18 07:00:00,29.75945757,59.41249914,1979.749396,9,0,0,10.6084932,Friday,1,71.31149601
2022-01-18 08:00:00,20.5722171,43.97216215,1828.686036,5,1,1,0.03579337289,Tuesday,0,71.59494172
2022-01-18 09:00:00,21.49111056,39.48881222,1312.015354,3,1,0,18.42206759,Monday,1,66.63194055
2022-01-18 10:00:00,22.81012541,34.47590173,1833.368241,4,0,0,0.2012928603,Friday,1,78.85915531
2022-01-18 11:00:00,28.08026546,48.26695805,1394.596753,5,1,0,5.182709252,Tuesday,1,82.06410931
2022-01-18 12:00:00,28.15378416,47.01248626,1938.017891,8,0,1,1.470031091,Thursday,0,73.07513598
2022-01-18 13:00:00,20.09554473,52.06206832,1659.90626,9,0,0,29.04439202,Friday,1,79.16619555
2022-01-18 14:00:00,23.89145752,40.83516651,1446.904014,7,1,1,5.827030823,Monday,0,72.79751943
2022-01-18 15:00:00,20.13853046,39.65552638,1838.972327,4,1,0,14.2590828,Saturday,0,66.47763446
2022-01-18 16:00:00,20.17911178,55.52842843,1859.392133,9,1,0,26.38346227,Sunday,0,72.80385072
2022-01-18 17:00:00,28.07737837,59.93757118,1462.985675,8,1,1,17.56056447,Monday,0,76.06738491
2022-01-18 18:00:00,22.75087424,50.50700615,1698.634365,1,1,0,19.71077697,Thursday,0,67.98375026
2022-01-18 19:00:00,27.12379101,57.19010322,1992.619709,0,0,0,8.454139099,Saturday,0,81.38657107
2022-01-18 20:00:00,27.2833292,33.86674061,1221.227092,3,1,0,0.649650269,Sunday,0,83.25094381
2022-01-18 21:00:00,25.01499331,57.38120407,1427.66253,0,0,0,9.425548969,Thursday,0,67.17457319
2022-01-18 22:00:00,21.46614366,43.33701786,1629.286975,6,0,1,3.405497137,Tuesday,0,67.2612066
2022-01-18 23:00:00,24.41325948,51.69606743,1781.984072,7,1,0,10.42425779,Friday,1,80.34560179
2022-01-19 00:00:00,26.63483209,59.35682411,1254.553197,1,0,0,9.951708145,Saturday,0,77.04056885
2022-01-19 01:00:00,27.52960508,59.79625782,1624.014307,7,0,1,27.23630977,Monday,1,95.40295969
2022-01-19 02:00:00,20.42362322,46.83908812,1696.395184,1,1,0,28.96250903,Sunday,0,67.29060456
2022-01-19 03:00:00,29.19613111,41.38775947,1010.271709,6,1,1,11.89971773,Monday,1,86.07540331
2022-01-19 04:00:00,29.13227847,50.81024194,1693.758951,9,1,0,11.83446183,Tuesday,1,91.00712228
2022-01-19 05:00:00,21.11310768,58.70466869,1226.670812,2,0,1,8.584429357,Tuesday,1,66.91801211
2022-01-19 06:00:00,24.96637837,53.28907382,1007.709109,6,1,0,9.343775959,Friday,1,67.80192845
2022-01-19 07:00:00,22.76358104,57.97721769,1185.390827,9,0,1,7.432685586,Monday,1,72.79116254
2022-01-19 08:00:00,24.65059223,54.45885405,1703.84431,7,1,0,15.96667747,Tuesday,1,73.71892623
2022-01-19 09:00:00,22.40957471,38.40546242,1474.645842,3,1,1,18.31124595,Saturday,0,73.95422053
2022-01-19 10:00:00,27.41253712,44.60920859,1490.145319,1,0,1,5.442467943,Wednesday,0,79.623972
2022-01-19 11:00:00,28.03331127,39.36721114,1594.42341,5,0,1,29.80095033,Saturday,0,88.68436419
2022-01-19 12:00:00,23.50882583,33.04746761,1886.088796,8,0,1,14.2993737,Wednesday,1,81.29991311
2022-01-19 13:00:00,23.14529562,47.35694107,1452.726403,7,0,1,29.38193608,Thursday,1,70.67916602
2022-01-19 14:00:00,22.4308629,54.41348794,1504.029887,5,0,1,24.67478243,Thursday,0,65.17124624
2022-01-19 15:00:00,20.5837765,51.74602879,1297.638692,3,1,0,0.05983742046,Thursday,0,63.86954231
2022-01-19 16:00:00,25.67165777,59.9690849,1898.175481,6,0,0,27.63577613,Friday,1,76.93700355
2022-01-19 17:00:00,27.88745418,38.85588182,1881.740253,0,0,1,13.75158617,Sunday,0,77.43531155
2022-01-19 18:00:00,22.61263206,50.44744233,1366.206947,9,1,0,19.58910232,Sunday,1,77.03777489
2022-01-19 19:00:00,20.12873758,57.8440496,1318.184388,2,1,0,11.97647666,Friday,0,61.49886156
2022-01-19 20:00:00,25.48045246,58.39451438,1098.495788,9,1,0,23.08751424,Friday,0,87.88863081
2022-01-19 21:00:00,20.22008677,44.55551097,1586.284522,2,0,0,8.202103136,Sunday,0,61.89641477
2022-01-19 22:00:00,23.79675776,31.88548758,1751.071609,7,1,1,28.31338441,Friday,0,94.62784882
2022-01-19 23:00:00,24.25022001,53.40318871,1221.61863,1,1,1,3.64897761,Sunday,1,77.2202848
2022-01-20 00:00:00,25.38331636,54.19772355,1994.853234,1,0,1,17.17571798,Saturday,0,68.56086334
2022-01-20 01:00:00,22.51423493,50.69597173,1916.294314,9,1,0,13.50053424,Sunday,0,73.59698894
2022-01-20 02:00:00,26.53522213,55.30383545,1648.500813,5,0,1,11.16635452,Tuesday,0,77.94474788
2022-01-20 03:00:00,21.84477077,41.69973154,1485.210487,7,1,0,6.622047897,Thursday,0,69.71608825
2022-01-20 04:00:00,25.81597115,30.34082967,1040.028115,9,1,1,28.98912492,Friday,1,92.01258749
2022-01-20 05:00:00,29.19125943,55.32728849,1398.695687,3,0,1,26.77566887,Monday,0,83.41231082
2022-01-20 06:00:00,22.86227737,55.55803837,1907.760308,7,1,1,8.730163809,Sunday,1,82.21564365
2022-01-20 07:00:00,22.09146787,38.18216646,1995.022126,9,0,1,25.72118618,Friday,0,78.21117089
2022-01-20 08:00:00,25.20486973,49.45994888,1241.413741,1,0,1,15.97805459,Wednesday,0,78.13600126
2022-01-20 09:00:00,20.88886176,59.09974653,1507.616993,6,0,1,19.26064237,Sunday,0,70.75779857
2022-01-20 10:00:00,25.50427212,35.8839186,1124.708975,9,1,0,1.974490791,Friday,1,84.90688052
2022-01-20 11:00:00,28.58080683,33.99381185,1000.512661,7,1,0,8.950458671,Tuesday,0,83.57237386
2022-01-20 12:00:00,25.35449118,32.51025353,1675.291101,9,0,0,22.53403269,Friday,0,70.11778995
2022-01-20 13:00:00,26.91661974,58.22492691,1710.715044,5,1,0,3.7024685,Friday,1,81.28468118
2022-01-20 14:00:00,22.6311935,42.59497914,1360.019927,7,0,1,29.39343107,Sunday,1,71.89785868
2022-01-20 15:00:00,24.07722805,41.70972108,1014.006525,5,1,0,23.12484986,Tuesday,0,78.212713
2022-01-20 16:00:00,23.06624697,47.45438787,1103.750573,7,0,0,14.90275102,Sunday,0,67.07114719
2022-01-20 17:00:00,23.77358185,32.34948185,1628.923442,7,1,1,8.094987416,Thursday,1,79.52856104
2022-01-20 18:00:00,29.16531215,43.19246452,1862.343123,7,0,0,11.49583851,Monday,1,83.78413525
2022-01-20 19:00:00,28.85697933,43.21711458,1270.205835,0,0,0,22.09853487,Monday,0,81.52320358
2022-01-20 20:00:00,23.35525104,34.59419928,1693.337432,1,0,0,25.08750012,Wednesday,0,66.4631671
2022-01-20 21:00:00,29.47650955,59.13668675,1347.954847,3,0,1,10.70955725,Sunday,1,81.99562721
2022-01-20 22:00:00,25.64670422,46.7606326,1462.70773,6,0,0,10.58150435,Saturday,0,70.238805
2022-01-20 23:00:00,26.78585363,43.35657188,1342.958609,4,1,0,19.33282547,Sunday,1,77.7780265
2022-01-21 00:00:00,22.24105023,46.78361991,1554.435467,0,1,0,25.89266426,Friday,0,77.80850874
2022-01-21 01:00:00,27.2582908,31.27458878,1396.948505,7,1,1,23.38635921,Saturday,1,85.2818833
2022-01-21 02:00:00,27.57310072,53.88959534,1113.794779,2,0,1,9.60156874,Saturday,0,81.99774141
2022-01-21 03:00:00,21.70943011,50.93599407,1606.206713,1,0,1,25.26085017,Tuesday,1,69.42614283
2022-01-21 04:00:00,20.81959506,34.90823967,1717.032414,4,0,1,1.426716049,Saturday,0,57.96891359
2022-01-21 05:00:00,25.64877142,32.88701857,1399.459378,1,0,1,12.25487748,Tuesday,0,70.76654656
2022-01-21 06:00:00,26.76074045,56.62790546,1934.205055,4,1,1,17.90765764,Tuesday,1,84.2199785
2022-01-21 07:00:00,20.71470807,43.19619849,1952.454394,0,1,1,10.22523016,Saturday,1,74.60538131
2022-01-21 08:00:00,29.82885078,30.69157952,1882.757271,3,1,0,19.20943879,Sunday,1,91.11998054
2022-01-21 09:00:00,20.35401326,41.20446873,1964.881463,5,1,1,10.80510341,Wednesday,0,69.31099721
2022-01-21 10:00:00,29.2548335,41.23644932,1603.613239,7,0,1,3.426990005,Wednesday,1,88.32121632
2022-01-21 11:00:00,20.50449561,31.59744178,1066.921262,6,1,1,23.430143,Saturday,0,70.72099947
2022-01-21 12:00:00,27.06595807,35.08513081,1855.556819,5,0,0,13.09706377,Tuesday,0,75.0431186
2022-01-21 13:00:00,28.70614547,59.50292369,1491.640157,0,0,1,25.08359738,Thursday,0,85.45715503
2022-01-21 14:00:00,21.93223455,32.23320838,1680.820433,4,0,0,10.38060078,Sunday,1,69.00907715
2022-01-21 15:00:00,21.30169407,45.6161486,1290.286958,7,0,0,4.419866704,Wednesday,1,63.58213875
2022-01-21 16:00:00,25.65729226,32.02457715,1102.345343,8,1,1,4.807573224,Wednesday,0,78.28346942
2022-01-21 17:00:00,29.42690707,34.293824,1848.496462,2,0,1,11.44238069,Thursday,0,93.95894452
2022-01-21 18:00:00,21.20819601,35.82143844,1524.544162,7,1,0,16.38252982,Tuesday,0,74.99537375
2022-01-21 19:00:00,28.98691589,56.14187116,1929.157529,8,1,0,24.96158692,Thursday,0,87.42146757
2022-01-21 20:00:00,23.70867172,46.33539364,1861.606294,1,0,1,26.65257514,Monday,0,75.57152421
2022-01-21 21:00:00,22.77245268,56.61673658,1465.628128,7,1,0,22.59954472,Tuesday,1,70.46552358
2022-01-21 22:00:00,27.31995453,48.88795919,1709.051942,8,0,0,11.6037092,Tuesday,0,75.27844824
2022-01-21 23:00:00,25.89773605,36.01358111,1122.639705,7,1,1,29.60782524,Sunday,0,80.1690479
2022-01-22 00:00:00,22.85292813,55.47826146,1709.65207,6,1,0,6.316337851,Saturday,0,78.620403
2022-01-22 01:00:00,27.90983128,36.87131716,1263.0446,7,0,0,23.41027736,Saturday,0,97.77348782
2022-01-22 02:00:00,25.98901531,33.47290892,1303.009499,7,1,0,12.92097119,Friday,0,79.54992428
2022-01-22 03:00:00,24.53215975,50.02625154,1913.06487,3,1,0,14.10862449,Wednesday,0,82.55820359
2022-01-22 04:00:00,21.73892538,50.94222842,1546.31061,1,1,0,27.59773484,Monday,1,69.58620609
2022-01-22 05:00:00,28.36730826,34.45275169,1003.941513,3,0,0,26.56008676,Saturday,0,82.95555694
2022-01-22 06:00:00,29.3740347,41.53918388,1931.659917,2,1,0,10.50557905,Friday,0,83.34177682
2022-01-22 07:00:00,26.39412276,46.33224109,1551.590741,0,0,0,6.622421888,Tuesday,1,77.12419833
2022-01-22 08:00:00,29.45924011,48.61166365,1584.00894,8,1,1,15.49275748,Saturday,0,81.39080271
2022-01-22 09:00:00,22.77897688,58.86949405,1639.489427,8,0,1,24.87228847,Tuesday,0,80.91405726
2022-01-22 10:00:00,24.16545478,42.69914005,1256.691202,9,0,1,7.088012583,Wednesday,0,81.62875783
2022-01-22 11:00:00,27.456365,35.45969199,1085.021702,4,1,0,22.10297393,Friday,0,84.06315253
2022-01-22 12:00:00,28.22655098,55.03165228,1186.695924,6,0,1,20.92728672,Friday,1,77.26334147
2022-01-22 13:00:00,21.6914656,31.97019731,1616.619581,8,0,0,11.19871991,Saturday,0,65.41066233
2022-01-22 14:00:00,20.61166963,47.64144714,1949.292151,8,0,0,4.928456791,Sunday,0,67.2282414
2022-01-22 15:00:00,27.32358567,53.02787314,1036.370149,9,1,1,2.029380388,Tuesday,1,85.58282095
2022-01-22 16:00:00,21.00811341,50.3505054,1362.582964,8,1,0,4.140942681,Tuesday,0,67.84233024
2022-01-22 17:00:00,26.13529094,48.49872944,1303.715986,8,1,1,5.667656191,Thursday,1,86.92061128
2022-01-22 18:00:00,20.41762696,48.92376372,1066.276352,9,1,0,17.3616373,Friday,0,63.97861756
2022-01-22 19:00:00,25.55588368,30.91822133,1624.087156,6,1,0,2.898355219,Thursday,1,69.70390192
2022-01-22 20:00:00,23.90094697,56.63156075,1105.110074,9,0,0,13.60724886,Monday,0,77.9318965
2022-01-22 21:00:00,27.45701773,54.87052903,1739.781816,2,0,1,24.88431776,Thursday,0,79.51141828
2022-01-22 22:00:00,28.98518472,35.10925352,1706.919205,9,1,0,7.483883178,Tuesday,1,83.98375304
2022-01-22 23:00:00,24.97811892,44.41369304,1149.498911,0,1,1,19.69517848,Friday,0,76.87445075
2022-01-23 00:00:00,26.82515935,42.24191941,1882.687156,6,1,0,22.32286068,Monday,0,84.75911327
2022-01-23 01:00:00,20.83866999,49.06206117,1573.09416,0,0,1,4.227641939,Wednesday,1,64.29007163
2022-01-23 02:00:00,22.67116048,56.81287521,1710.278843,3,0,0,13.99723602,Saturday,1,70.31639321
2022-01-23 03:00:00,22.23170635,37.79484736,1981.680007,4,1,0,25.48587473,Thursday,1,77.43243518
2022-01-23 04:00:00,29.00790109,48.09887547,1702.689466,4,0,0,20.52733027,Tuesday,1,70.54726071
2022-01-23 05:00:00,20.24928813,45.18328078,1711.572363,8,0,0,27.24070767,Friday,1,62.90256675
2022-01-23 06:00:00,22.34551324,40.65803432,1169.260923,4,0,1,5.558667318,Sunday,1,70.17027036
2022-01-23 07:00:00,22.03977721,33.4608652,1991.131663,7,0,0,4.570970148,Friday,1,64.79217173
2022-01-23 08:00:00,29.62762014,36.32525811,1690.390948,0,1,0,12.44511088,Saturday,0,75.91140009
2022-01-23 09:00:00,27.77170992,46.42582654,1110.948113,2,0,1,10.2657279,Wednesday,1,82.73357614
2022-01-23 10:00:00,23.99317174,43.65664413,1330.671568,0,0,1,27.65706985,Sunday,0,77.76876947
2022-01-23 11:00:00,24.9167516,57.3094069,1827.170249,8,0,0,11.40386295,Monday,1,82.76628313
2022-01-23 12:00:00,20.07631634,32.70604129,1173.854976,2,0,0,26.46885762,Saturday,1,62.81838028
2022-01-23 13:00:00,25.73555306,40.63080081,1022.718464,6,0,1,1.905254132,Thursday,0,75.72856417
2022-01-23 14:00:00,22.55587666,57.61749615,1199.435651,1,0,1,26.31435419,Sunday,1,67.26286911
2022-01-23 15:00:00,23.19063908,59.02179515,1868.221293,3,1,1,8.784361316,Tuesday,0,76.19931217
2022-01-23 16:00:00,20.56209591,52.34813063,1982.000305,6,0,1,29.4570679,Saturday,1,68.33142349
2022-01-23 17:00:00,23.33355641,49.39029642,1490.274452,7,1,0,23.60726094,Thursday,0,78.51244626
2022-01-23 18:00:00,25.52497335,37.24876762,1087.803992,5,0,0,8.686977364,Sunday,1,79.2106342
2022-01-23 19:00:00,26.06015213,40.42323481,1318.388773,7,0,0,27.50286125,Thursday,1,83.16661078
2022-01-23 20:00:00,20.47820144,45.56656978,1545.840723,8,0,1,11.02405497,Monday,0,68.44765377
2022-01-23 21:00:00,24.41924825,33.13297868,1324.081824,5,0,1,11.94549431,Tuesday,1,76.37434527
2022-01-23 22:00:00,22.34676878,43.93800228,1950.881705,8,0,1,14.72861461,Tuesday,1,74.83286863
2022-01-23 23:00:00,25.32515974,44.76713008,1083.10658,3,1,1,6.777270583,Tuesday,1,85.39366027
2022-01-24 00:00:00,29.61874729,43.25552363,1236.923738,2,0,1,6.478536469,Saturday,0,79.28492244
2022-01-24 01:00:00,22.99213053,44.1708505,1726.351073,2,0,1,29.68045534,Thursday,1,71.94351919
2022-01-24 02:00:00,25.91264759,57.48034314,1004.454695,3,0,0,18.32801914,Monday,1,66.26580447
2022-01-24 03:00:00,22.1457482,52.81902539,1832.676208,9,0,1,4.25927504,Monday,0,74.84384966
2022-01-24 04:00:00,24.61844836,42.8275436,1074.650351,8,0,0,12.74446139,Tuesday,0,82.97112009
2022-01-24 05:00:00,23.52624152,44.68224481,1139.804809,6,1,1,7.639175535,Monday,0,77.94264066
2022-01-24 06:00:00,24.31613807,47.10086831,1895.41013,6,0,0,15.26563852,Monday,0,71.99854881
2022-01-24 07:00:00,21.32277028,42.4984518,1901.62942,6,0,0,0.1140671347,Saturday,0,58.09700996
2022-01-24 08:00:00,20.63740943,31.22942184,1013.748555,2,0,0,12.88185964,Wednesday,1,57.28563889
2022-01-24 09:00:00,26.603752,33.57893594,1868.403464,3,1,1,0.3916827637,Saturday,1,88.21238719
2022-01-24 10:00:00,24.08231099,45.69835984,1122.185312,3,0,0,24.08390999,Thursday,1,69.10618927
2022-01-24 11:00:00,29.17552052,47.29986557,1861.230945,2,0,0,16.56392771,Thursday,1,80.22231202
2022-01-24 12:00:00,25.41129368,37.16071763,1888.505497,9,1,1,19.27505214,Sunday,1,77.9120336
2022-01-24 13:00:00,28.78847009,54.58053157,1838.150144,3,1,1,18.99615047,Thursday,1,83.02435403
2022-01-24 14:00:00,29.98666302,56.73242455,1868.631421,1,0,1,13.20501781,Tuesday,1,89.10913859
2022-01-24 15:00:00,22.99469039,41.8912696,1767.141278,7,0,1,16.61660813,Monday,0,72.97899309
2022-01-24 16:00:00,25.87413406,57.99737372,1463.669128,7,0,1,16.32397694,Friday,0,74.44558893
2022-01-24 17:00:00,25.82388945,39.30679749,1672.25856,9,0,1,26.71865429,Saturday,1,75.46514845
2022-01-24 18:00:00,24.11929023,48.55222452,1666.877636,4,1,1,11.13679515,Wednesday,1,82.22345612
2022-01-24 19:00:00,25.02654373,34.21780315,1421.971451,6,0,1,5.159657929,Sunday,0,77.5364085
2022-01-24 20:00:00,23.7227527,49.10609795,1785.843659,2,1,0,19.42620986,Friday,1,76.66682706
2022-01-24 21:00:00,21.10590538,42.67683247,1657.004829,6,0,0,13.15871133,Friday,1,63.29028849
2022-01-24 22:00:00,29.89599455,39.33698898,1708.956865,5,0,1,29.96532734,Friday,0,76.08034763
2022-01-24 23:00:00,26.14397546,30.22314214,1099.861341,8,0,0,9.787738309,Tuesday,0,83.50109663
2022-01-25 00:00:00,23.91815572,36.10532947,1724.907511,4,1,0,23.2495524,Thursday,1,79.40597495
2022-01-25 01:00:00,23.03863347,34.69764768,1305.266777,2,1,0,17.36419316,Tuesday,0,71.4011527
2022-01-25 02:00:00,22.94066538,49.68406055,1444.886276,8,0,0,5.955810312,Monday,1,67.62811062
2022-01-25 03:00:00,27.51967693,59.03372106,1458.92465,3,1,0,25.2580869,Friday,0,81.04818096
2022-01-25 04:00:00,20.26763986,58.92163799,1086.861528,5,1,1,17.83824528,Thursday,0,71.22118707
2022-01-25 05:00:00,20.08366729,50.79167004,1903.853536,6,1,0,4.551915796,Saturday,0,61.69541944
2022-01-25 06:00:00,28.32013351,39.4505003,1453.347572,1,1,0,1.478844136,Sunday,1,75.26679367
2022-01-25 07:00:00,24.22143642,50.19481564,1028.011828,4,1,0,29.09629002,Friday,0,83.44635557
2022-01-25 08:00:00,23.55119385,46.79777671,1730.093029,8,1,1,4.720739157,Saturday,0,73.70147659
2022-01-25 09:00:00,23.3773869,50.07109095,1295.65097,8,1,0,21.96315206,Saturday,1,77.62714607
2022-01-25 10:00:00,21.85311625,49.34474875,1263.89279,9,0,1,26.80894867,Thursday,0,77.45296107
2022-01-25 11:00:00,25.04804121,59.04409493,1095.568874,4,0,0,26.00523732,Friday,1,80.98899707
2022-01-25 12:00:00,29.45655853,38.95180521,1145.148189,8,0,0,14.52107924,Saturday,0,87.70922567
2022-01-25 13:00:00,25.29515875,44.99331971,1733.480154,9,1,1,13.80947576,Thursday,1,83.50179531
2022-01-25 14:00:00,22.02544347,51.3766689,1240.747557,6,0,0,11.25412169,Wednesday,0,60.39699945
2022-01-25 15:00:00,28.36227391,42.9274008,1504.06243,3,1,1,8.580510779,Wednesday,0,89.06661082
2022-01-25 16:00:00,26.24171968,52.45723082,1194.277634,5,0,1,15.49883469,Sunday,1,84.99430222
2022-01-25 17:00:00,20.82474447,49.27676588,1623.987367,4,1,1,16.46334575,Wednesday,0,79.55022187
2022-01-25 18:00:00,27.22115684,47.93821554,1056.658137,1,1,1,24.15197618,Monday,1,76.85500688
2022-01-25 19:00:00,20.58737086,31.69018795,1537.554636,2,0,1,23.30686667,Sunday,1,72.36662634
2022-01-25 20:00:00,24.02871733,47.82407464,1300.183949,8,1,1,6.672894462,Saturday,0,79.43030091
2022-01-25 21:00:00,25.81290343,30.03266548,1835.348135,4,1,0,0.9295105269,Tuesday,0,85.12667199
2022-01-25 22:00:00,22.94153218,30.13570643,1677.16098,6,0,0,13.01872986,Wednesday,0,72.59865351
2022-01-25 23:00:00,27.76510015,45.79717917,1615.635891,5,0,1,9.928099155,Monday,0,77.66773981
2022-01-26 00:00:00,20.26519121,56.56906089,1889.115081,0,0,0,15.64138309,Sunday,0,56.03816283
2022-01-26 01:00:00,21.43513354,41.04732763,1545.910278,0,1,1,13.25634509,Monday,0,73.1536083
2022-01-26 02:00:00,24.101968,48.45331094,1968.038717,4,1,1,8.520215596,Thursday,0,75.696393
2022-01-26 03:00:00,29.22952609,41.08610338,1025.770596,7,1,1,15.85828723,Sunday,0,90.38164565
2022-01-26 04:00:00,21.77733703,54.10277494,1022.281147,7,0,0,7.690359577,Sunday,1,64.05448533
2022-01-26 05:00:00,21.42294505,36.69059473,1525.615214,6,0,1,12.26652045,Friday,0,62.86345883
2022-01-26 06:00:00,21.77191052,47.21918181,1176.21019,3,1,1,7.601319095,Thursday,1,69.78902813
2022-01-26 07:00:00,29.31308953,38.91700998,1899.808086,8,0,1,16.30743887,Tuesday,0,85.05730519
2022-01-26 08:00:00,26.31211399,51.4087109,1220.547133,8,1,0,5.986875091,Monday,0,83.88917674
2022-01-26 09:00:00,28.05680807,52.25362476,1460.180761,6,1,0,15.01581522,Wednesday,0,79.80724747
2022-01-26 10:00:00,23.28766175,47.4020651,1586.373927,4,0,0,0.4815334517,Wednesday,0,62.74215842
2022-01-26 11:00:00,26.51619923,45.79171927,1551.5956,1,0,1,26.88702417,Saturday,0,81.94478363
2022-01-26 12:00:00,29.53130442,35.77293911,1779.468581,6,0,1,21.40460421,Friday,0,86.11226292
2022-01-26 13:00:00,28.0762791,45.80842442,1378.703941,5,1,1,19.71074887,Saturday,1,76.39956058
2022-01-26 14:00:00,22.0720629,34.71629823,1421.507672,5,0,1,21.2361883,Friday,1,74.36226288
2022-01-26 15:00:00,22.7010022,52.32147449,1816.323626,6,0,1,27.30257337,Monday,0,74.81633189
2022-01-26 16:00:00,28.49552925,48.86648944,1065.888445,2,1,1,0.2908508018,Monday,0,75.9607321
2022-01-26 17:00:00,23.22451571,52.98828573,1370.449256,9,1,0,3.39087719,Saturday,1,74.44139857
2022-01-26 18:00:00,23.10186875,34.10068379,1769.089196,6,0,0,24.72433439,Saturday,0,62.1121358
2022-01-26 19:00:00,28.21189889,50.8442512,1359.180489,6,1,1,1.381942659,Monday,0,92.77187827
2022-01-26 20:00:00,24.60783435,32.12362494,1935.593889,8,1,0,26.161344,Saturday,1,80.91361624
2022-01-26 21:00:00,23.37363056,53.558275,1685.599947,1,1,0,15.33712165,Thursday,1,67.39138577
2022-01-26 22:00:00,23.66961568,56.52905015,1818.693475,2,1,0,23.67497712,Friday,0,75.60212741
2022-01-26 23:00:00,22.82818145,47.9078551,1665.08518,2,1,1,29.09988231,Saturday,0,76.45718677
2022-01-27 00:00:00,28.59608654,47.40582476,1948.43211,9,0,1,4.804036093,Saturday,0,81.26777862
2022-01-27 01:00:00,27.92921656,36.93753669,1372.934607,8,0,1,25.00533483,Saturday,1,91.1499123
2022-01-27 02:00:00,24.2718963,35.32220516,1006.22767,8,1,0,8.742295824,Monday,0,79.69723688
2022-01-27 03:00:00,26.27569837,30.53538987,1152.175049,5,0,0,12.98449001,Tuesday,0,73.88836804
2022-01-27 04:00:00,24.33622382,41.24731776,1826.268691,7,0,0,0.2177830019,Monday,1,74.97644951
2022-01-27 05:00:00,24.4697235,49.28924731,1956.453497,6,1,1,18.28155379,Monday,0,80.94999011
2022-01-27 06:00:00,23.70759743,30.0159745,1569.634137,3,0,0,23.11676456,Friday,0,63.92393849
2022-01-27 07:00:00,26.20816715,38.81002666,1717.392851,5,1,1,3.314478693,Thursday,0,80.79109196
2022-01-27 08:00:00,23.30661431,56.64689276,1521.822119,2,0,0,17.13883243,Sunday,0,79.07794499
2022-01-27 09:00:00,20.25069574,43.91625233,1510.464237,8,1,0,14.23807109,Friday,0,74.11810022
2022-01-27 10:00:00,28.34864106,35.0488373,1597.084581,4,0,0,3.137707241,Thursday,1,78.75148886
2022-01-27 11:00:00,24.92824931,31.61775716,1203.259015,0,0,0,9.400505695,Wednesday,1,78.67500496
2022-01-27 12:00:00,25.97635702,52.77395612,1664.667882,8,0,1,6.933419679,Saturday,1,80.82165747
2022-01-27 13:00:00,21.78214766,58.58237016,1815.330957,8,1,1,3.522807857,Sunday,1,67.27265526
2022-01-27 14:00:00,26.42216018,36.69538886,1940.011297,1,0,1,19.451104,Monday,0,66.87386982
2022-01-27 15:00:00,22.59073736,54.8049518,1368.313436,2,1,0,19.70981975,Thursday,0,75.02685536
2022-01-27 16:00:00,20.39815824,30.15323123,1388.291326,3,1,1,12.12717292,Tuesday,1,76.22825756
2022-01-27 17:00:00,20.06749865,30.35182675,1298.047798,0,1,0,0.06947969557,Saturday,0,68.44825119
2022-01-27 18:00:00,24.13939758,57.57155114,1386.376621,4,0,1,6.016476686,Monday,1,68.74994601
2022-01-27 19:00:00,23.12054346,50.62743104,1312.232086,9,0,0,16.02971042,Saturday,1,76.43135425
2022-01-27 20:00:00,22.20569345,46.23311453,1145.138414,6,0,0,3.200662483,Friday,1,80.018592
2022-01-27 21:00:00,29.47707023,59.39622954,1107.771861,3,0,1,27.54682374,Sunday,0,77.32851081
2022-01-27 22:00:00,22.9402811,48.55911456,1688.155178,9,0,0,0.4989132899,Sunday,1,73.08128159
2022-01-27 23:00:00,21.41693098,31.53122161,1303.012304,3,0,1,14.55090436,Wednesday,1,76.4910652
2022-01-28 00:00:00,27.49746828,31.28281848,1147.797448,4,1,0,1.143681629,Friday,0,79.28141564
2022-01-28 01:00:00,27.14986099,45.03310653,1235.933242,0,1,0,24.0739091,Saturday,1,73.47964081
2022-01-28 02:00:00,26.74814311,31.90025415,1562.890373,2,0,1,11.30645092,Friday,0,66.33714109
2022-01-28 03:00:00,26.71214456,40.08637971,1934.255386,4,1,1,14.18807722,Wednesday,1,81.85160554
2022-01-28 04:00:00,29.08707763,55.72124086,1754.81435,6,0,1,27.55818916,Saturday,0,72.80526955
2022-01-28 05:00:00,28.84601278,43.59978584,1113.071354,4,0,1,3.798539423,Saturday,1,74.51737038
2022-01-28 06:00:00,24.98257767,38.75725353,1604.799582,4,1,0,12.10159246,Wednesday,0,75.92716538
2022-01-28 07:00:00,22.63029042,47.20063031,1685.336077,2,0,1,7.360209906,Monday,0,73.02425359
2022-01-28 08:00:00,26.04888942,30.25294912,1206.248841,0,1,1,15.44462115,Tuesday,1,81.38526022
2022-01-28 09:00:00,26.10448921,33.84744735,1072.958067,0,1,0,25.6528345,Saturday,0,77.79518407
2022-01-28 10:00:00,24.15038112,45.9592918,1860.450847,5,0,0,17.28918961,Wednesday,1,64.55218318
2022-01-28 11:00:00,28.62016185,40.10423706,1824.889671,8,0,1,20.76663579,Saturday,1,81.89011469
2022-01-28 12:00:00,29.93848322,57.73087569,1596.822747,9,0,1,28.75192313,Monday,0,90.00918792
2022-01-28 13:00:00,20.13462281,35.85912281,1417.180376,2,1,0,28.60954736,Tuesday,0,68.47008334
2022-01-28 14:00:00,24.21158658,37.95859691,1792.719894,1,1,0,23.63019023,Sunday,0,79.25731303
2022-01-28 15:00:00,28.90579614,52.56416466,1533.725387,2,0,0,15.95474027,Friday,0,76.83539689
2022-01-28 16:00:00,27.48661412,37.21532158,1260.061597,6,1,1,28.05219014,Thursday,1,88.5772787
2022-01-28 17:00:00,22.73250707,38.51530366,1759.967378,8,1,0,15.87997179,Tuesday,1,73.28393544
2022-01-28 18:00:00,20.07164772,48.81124508,1189.142004,1,0,0,1.329763114,Saturday,0,68.43520744
2022-01-28 19:00:00,25.82621305,35.01392772,1770.483045,1,0,1,8.81532499,Friday,0,74.09351699
2022-01-28 20:00:00,28.18462274,51.84887743,1964.605688,2,0,1,27.96473874,Sunday,0,73.20578306
2022-01-28 21:00:00,27.53830307,36.16511407,1177.41644,9,1,0,21.02984719,Sunday,1,80.45955842
2022-01-28 22:00:00,28.80974376,31.20860574,1630.52796,6,1,1,19.35249046,Thursday,0,98.76175415
2022-01-28 23:00:00,20.31491258,44.10449499,1486.554318,4,1,1,16.50687342,Friday,1,71.87972003
2022-01-29 00:00:00,22.13194402,46.87685194,1232.642932,7,1,0,3.726411068,Thursday,0,77.57159591
2022-01-29 01:00:00,23.88625337,57.39942543,1745.002694,2,1,0,3.353160862,Thursday,0,67.96327937
2022-01-29 02:00:00,21.50292107,59.79044149,1234.090364,0,0,1,10.36160899,Thursday,1,69.33178402
2022-01-29 03:00:00,22.76553909,41.41677493,1663.855462,0,0,1,1.118146219,Sunday,0,69.07359499
2022-01-29 04:00:00,29.64373158,43.95863614,1442.274914,8,0,1,27.17895039,Saturday,0,98.84375583
2022-01-29 05:00:00,27.28158675,54.12840021,1571.96486,2,0,0,27.9401747,Monday,1,79.49779513
2022-01-29 06:00:00,29.59394449,30.16193994,1994.037441,0,0,0,9.764995811,Tuesday,1,87.54904071
2022-01-29 07:00:00,24.75677779,51.30005117,1595.437055,4,1,0,25.89678778,Friday,1,84.95971162
2022-01-29 08:00:00,21.1459905,48.96701517,1556.135374,7,1,0,26.67152015,Monday,1,69.62319925
2022-01-29 09:00:00,22.09220846,42.40093957,1908.335885,7,1,0,16.65400998,Thursday,0,76.42540607
2022-01-29 10:00:00,25.77166761,54.7639035,1557.767412,8,1,1,27.08401596,Thursday,1,89.20534468
2022-01-29 11:00:00,21.93404128,34.36804731,1071.272882,7,1,1,21.08415685,Friday,0,74.95950368
2022-01-29 12:00:00,29.19925331,48.58511628,1446.907709,9,0,1,21.01529962,Monday,1,91.70325794
2022-01-29 13:00:00,23.70223919,51.28069807,1784.531157,9,1,0,18.60104015,Monday,0,73.09132362
2022-01-29 14:00:00,29.56555395,56.3245426,1619.482956,3,1,1,16.55026525,Sunday,1,92.85040373
2022-01-29 15:00:00,27.0752844,46.22075991,1284.991519,7,1,1,16.76028962,Thursday,0,86.26883864
2022-01-29 16:00:00,20.4384641,47.20201305,1336.628039,6,1,1,25.11936494,Monday,1,77.55394617
2022-01-29 17:00:00,29.03895699,48.46870704,1860.183982,6,0,0,23.78581753,Sunday,0,78.92474327
2022-01-29 18:00:00,26.43328931,53.38540225,1194.383289,3,1,1,1.711850589,Monday,0,74.38816585
2022-01-29 19:00:00,27.99273037,32.15155706,1247.938426,4,1,0,15.14034572,Thursday,0,89.49271922
2022-01-29 20:00:00,29.07053309,41.48872021,1944.6763,0,1,1,7.615901217,Thursday,1,79.78630032
2022-01-29 21:00:00,23.57979168,30.50283984,1680.042189,2,1,1,4.268375557,Monday,0,79.60206955
2022-01-29 22:00:00,24.26128135,37.77295911,1093.71714,8,1,0,25.44222327,Tuesday,0,74.92464777
2022-01-29 23:00:00,26.11811557,43.02256194,1576.980679,2,0,0,5.33545801,Monday,0,69.36561644
2022-01-30 00:00:00,20.00756508,41.51952182,1076.432493,0,1,1,22.88154113,Saturday,0,69.73709713
2022-01-30 01:00:00,27.82597661,41.21234535,1076.431966,0,1,1,7.632546118,Wednesday,1,83.06354934
2022-01-30 02:00:00,29.42914999,34.76474987,1199.580151,4,1,0,28.00992028,Thursday,0,78.13585396
2022-01-30 03:00:00,29.99258027,48.8872186,1626.000334,8,0,0,24.10197278,Monday,0,85.89515636
2022-01-30 04:00:00,28.0511284,51.93560522,1769.601902,3,0,0,24.02927935,Monday,1,75.90956928
2022-01-30 05:00:00,27.98085466,59.30435197,1891.048804,5,0,0,23.71194726,Sunday,0,76.66893628
2022-01-30 06:00:00,26.30848125,44.76515492,1431.949616,4,1,0,22.13542534,Saturday,1,82.96533967
2022-01-30 07:00:00,29.54518117,47.0495955,1214.06458,3,0,1,21.80838497,Monday,0,83.01619775
2022-01-30 08:00:00,23.15739485,47.70455229,1812.795726,3,1,0,6.881748331,Monday,1,79.12372535
2022-01-30 09:00:00,21.63769047,56.53215874,1235.612294,4,1,1,3.081124652,Tuesday,0,75.31283757
2022-01-30 10:00:00,29.61477902,37.12314738,1665.729592,1,1,0,3.37820687,Wednesday,1,88.20706667
2022-01-30 11:00:00,22.76211606,52.29216678,1465.763707,1,0,1,24.99493609,Friday,0,73.55905181
2022-01-30 12:00:00,22.65961907,45.55197539,1173.140649,6,1,0,10.93054212,Friday,0,77.84733818
2022-01-30 13:00:00,26.98139325,59.45697848,1652.144627,0,1,0,7.693715014,Wednesday,1,80.05988642
2022-01-30 14:00:00,21.9612164,54.98949619,1947.495425,1,1,1,5.472510924,Monday,0,73.86273288
2022-01-30 15:00:00,23.11439431,49.68643212,1422.139427,3,1,0,14.50390537,Wednesday,1,72.58267636
2022-01-30 16:00:00,27.62508301,34.41915558,1903.19388,6,0,1,21.23006486,Friday,1,85.14000481
2022-01-30 17:00:00,26.61184066,57.42525064,1084.439339,5,0,1,9.150786483,Friday,1,75.80524544
2022-01-30 18:00:00,23.29927367,44.4095084,1103.29906,4,1,0,14.59263794,Tuesday,0,70.55942711
2022-01-30 19:00:00,22.31054301,57.01196737,1898.212785,3,1,1,15.75946474,Friday,0,73.41356806
2022-01-30 20:00:00,29.8808975,51.59409018,1988.848559,2,0,1,6.949313817,Saturday,1,81.75602367
2022-01-30 21:00:00,27.99737167,51.60868413,1747.426437,3,1,0,25.49011305,Saturday,0,86.77321944
2022-01-30 22:00:00,25.1697362,40.8469461,1466.322976,2,1,1,14.29810831,Friday,1,67.21609542
2022-01-30 23:00:00,24.4959837,58.3705951,1747.487264,0,0,0,20.05985864,Wednesday,0,71.72715986
2022-01-31 00:00:00,26.33692121,59.95006001,1516.901911,5,1,1,3.71584517,Wednesday,0,82.49632389
2022-01-31 01:00:00,27.6078765,58.64581142,1577.661799,1,1,0,0.06439268275,Tuesday,1,76.73768632
2022-01-31 02:00:00,26.52983759,51.7401741,1029.736174,3,1,1,25.28946212,Sunday,1,93.21841405
2022-01-31 03:00:00,21.90527218,56.23338145,1149.302506,1,0,1,5.031505203,Friday,1,78.39455065
2022-01-31 04:00:00,24.4700076,56.05588795,1495.77513,4,0,0,22.58215551,Saturday,0,68.49891728
2022-01-31 05:00:00,26.03592884,54.84866881,1473.133317,5,1,0,4.99155675,Wednesday,0,73.6236893
2022-01-31 06:00:00,27.62168629,57.46459561,1294.080096,1,1,0,23.02680345,Thursday,0,84.160067
2022-01-31 07:00:00,23.6596954,34.09427409,1403.372667,0,0,1,20.59235706,Monday,0,71.95239612
2022-01-31 08:00:00,28.25368793,53.14133165,1940.898819,0,0,1,13.74323809,Saturday,0,86.85307892
2022-01-31 09:00:00,23.29192838,52.13917932,1249.739717,2,1,0,23.0348828,Sunday,1,76.96119913
2022-01-31 10:00:00,23.5129095,38.97781597,1810.873506,1,0,0,3.122483823,Tuesday,0,64.73408496
2022-01-31 11:00:00,20.81844856,39.28792343,1734.923226,4,0,1,24.29104501,Thursday,1,60.7193492
2022-01-31 12:00:00,24.25857106,32.2108027,1210.19964,1,1,0,2.057831862,Monday,1,79.53641349
2022-01-31 13:00:00,22.85909309,54.96598679,1582.262685,2,0,0,19.46665141,Tuesday,1,71.89591789
2022-01-31 14:00:00,27.87288335,57.02119197,1280.510465,2,1,0,3.293067266,Saturday,1,82.29880062
2022-01-31 15:00:00,28.82222696,36.07354818,1581.552768,9,1,0,28.18490277,Tuesday,1,86.26459142
2022-01-31 16:00:00,26.48049983,46.17822621,1723.844219,1,1,0,2.051055084,Saturday,1,77.18138143
2022-01-31 17:00:00,27.18535073,33.58135304,1457.566456,4,1,0,4.312260963,Wednesday,0,88.35160575
2022-01-31 18:00:00,28.10871692,38.08648857,1933.547757,0,1,1,26.07401407,Tuesday,1,79.66830962
2022-01-31 19:00:00,24.6781592,50.18479375,1896.721444,6,0,1,7.288807657,Thursday,0,75.38754514
2022-01-31 20:00:00,25.15402358,37.5934891,1869.598548,6,0,1,5.176600387,Monday,1,79.43136341
2022-01-31 21:00:00,27.91915847,59.95451433,1511.28147,8,0,1,3.736501175,Saturday,1,90.89850706
2022-01-31 22:00:00,20.48190843,35.04549569,1897.456585,3,0,1,19.67228992,Saturday,1,58.82047314
2022-01-31 23:00:00,21.15826452,59.85922164,1534.536862,0,0,1,20.57034941,Thursday,1,63.87592666
2022-02-01 00:00:00,28.18426786,41.70193861,1861.876333,3,1,0,0.4876699777,Monday,1,92.37619236
2022-02-01 01:00:00,26.98344484,45.60342019,1394.257175,5,0,1,12.69688228,Sunday,0,78.40883004
2022-02-01 02:00:00,21.53636417,54.3755332,1740.047837,4,0,0,24.01940251,Thursday,0,67.42856121
2022-02-01 03:00:00,28.08994591,42.00546784,1808.636055,6,0,0,0.993962545,Friday,0,72.9578297
2022-02-01 04:00:00,27.89823981,41.32992612,1354.572236,9,1,0,14.30594208,Wednesday,0,84.57865297
2022-02-01 05:00:00,28.29512342,42.78462937,1141.161725,1,0,0,9.487899038,Monday,1,61.49139445
2022-02-01 06:00:00,27.56570566,41.41368171,1300.93175,8,1,0,28.1739427,Sunday,1,88.92697402
2022-02-01 07:00:00,20.54478495,44.47699544,1299.80932,9,1,0,1.057615136,Tuesday,1,73.0502524
2022-02-01 08:00:00,26.00147198,38.5981292,1825.595686,7,1,1,9.576102869,Saturday,1,81.88643449
2022-02-01 09:00:00,21.21202867,53.08541654,1959.698367,1,0,0,15.45778204,Sunday,0,58.24209602
2022-02-01 10:00:00,24.39756444,58.18814022,1562.44498,4,1,1,20.73172749,Saturday,1,75.12129223
2022-02-01 11:00:00,29.29766307,47.35110332,1035.00381,7,0,0,1.022636092,Friday,0,85.90455016
2022-02-01 12:00:00,25.60155207,56.72951451,1667.728883,3,0,1,16.45540058,Sunday,0,76.74886744
2022-02-01 13:00:00,24.67189417,38.46964242,1319.526097,1,0,1,1.120455214,Thursday,1,64.20732945
2022-02-01 14:00:00,20.22512832,58.49865436,1590.286479,5,0,0,22.93203166,Thursday,0,56.84982855
2022-02-01 15:00:00,29.65387961,33.01159595,1369.811273,0,1,0,28.74112043,Tuesday,0,87.79268635
2022-02-01 16:00:00,25.65096293,56.06640845,1737.559705,5,0,0,0.3265336014,Sunday,1,71.45984362
2022-02-01 17:00:00,25.64901832,57.80122107,1126.820227,6,0,0,15.29149989,Sunday,0,73.97684043
2022-02-01 18:00:00,24.71825504,59.49961628,1269.549771,8,1,0,26.24111213,Monday,1,76.2676269
2022-02-01 19:00:00,28.89368236,44.8281134,1834.51556,7,1,0,19.04732114,Saturday,1,90.01825906
2022-02-01 20:00:00,25.21536687,58.63396635,1604.793485,5,0,1,14.73493704,Saturday,0,79.76646361
2022-02-01 21:00:00,24.58577372,36.11300246,1210.536458,5,1,0,27.44401729,Saturday,0,87.17029521
2022-02-01 22:00:00,24.37595288,34.52068966,1401.960387,9,0,1,0.7293895303,Wednesday,1,80.8706171
2022-02-01 23:00:00,26.25227595,46.65924798,1616.263003,8,1,0,8.268862334,Wednesday,0,88.0844892
2022-02-02 00:00:00,25.43132664,45.75602508,1664.427108,2,1,0,4.518700212,Saturday,1,75.22014747
2022-02-02 01:00:00,29.64991726,56.29287036,1113.909448,9,0,1,29.5350628,Friday,1,81.22613097
2022-02-02 02:00:00,24.01919803,56.04866518,1999.750981,0,0,1,19.92680296,Thursday,0,72.72344605
2022-02-02 03:00:00,26.26525293,41.64147115,1827.557055,3,0,1,9.842528545,Friday,0,87.19432933
2022-02-02 04:00:00,20.4633694,56.84802551,1071.210545,5,1,1,8.895921992,Wednesday,1,75.52459628
2022-02-02 05:00:00,28.96469791,59.25342593,1974.21547,9,0,0,29.82152119,Tuesday,0,86.73987203
2022-02-02 06:00:00,26.70112471,55.33088024,1803.08856,5,1,1,29.56923907,Saturday,1,83.52743894
2022-02-02 07:00:00,20.08653775,51.56310876,1872.96057,4,0,0,16.87585156,Sunday,0,77.28728399
2022-02-02 08:00:00,25.75469249,49.21120909,1111.392488,1,0,0,5.647207551,Friday,0,70.97033275
2022-02-02 09:00:00,27.30160658,57.97120944,1250.386626,8,0,0,3.496471017,Saturday,0,77.3945975
2022-02-02 10:00:00,23.79870306,57.17028645,1605.730093,7,0,1,4.209639993,Saturday,1,64.48440467
2022-02-02 11:00:00,23.92643493,56.13283159,1923.904182,0,0,0,24.31470404,Tuesday,0,66.07285098
2022-02-02 12:00:00,20.97384228,31.83859337,1296.114638,6,0,1,18.32007179,Thursday,0,72.70629944
2022-02-02 13:00:00,21.51112995,44.12494935,1385.898977,9,0,1,19.80173925,Tuesday,1,70.34077898
2022-02-02 14:00:00,27.43684094,55.00411303,1346.738945,6,0,0,20.3738841,Friday,1,81.00413677
2022-02-02 15:00:00,25.95545736,38.28930151,1580.455245,2,1,0,28.80033984,Saturday,0,78.44143059
2022-02-02 16:00:00,23.26761208,57.2826037,1238.535947,3,1,0,9.54688552,Sunday,1,73.09044015
2022-02-02 17:00:00,21.2291945,39.55323148,1415.605055,7,0,0,5.221335898,Wednesday,1,67.92958883
2022-02-02 18:00:00,28.49473798,51.32805727,1321.545419,4,1,1,7.354698263,Tuesday,1,91.94462324
2022-02-02 19:00:00,23.15494774,47.36376617,1164.541117,5,0,0,0.5158535127,Thursday,0,70.06946029
2022-02-02 20:00:00,20.65751336,46.07318749,1784.385159,2,0,1,26.60939251,Thursday,1,68.97311366
2022-02-02 21:00:00,24.18108511,50.47679015,1871.148405,9,0,1,20.2516797,Sunday,1,81.74305152
2022-02-02 22:00:00,22.71729972,34.686398,1959.069883,6,0,1,21.79788893,Thursday,0,71.40042116
2022-02-02 23:00:00,22.96947719,39.75044651,1621.901561,2,1,0,25.9669266,Sunday,1,69.56545394
2022-02-03 00:00:00,28.72151326,43.15596607,1762.934411,7,1,1,17.35995705,Friday,0,87.72153705
2022-02-03 01:00:00,26.82303658,39.00066354,1998.439525,3,1,0,23.66253403,Tuesday,1,88.54690592
2022-02-03 02:00:00,23.62926205,50.65102665,1290.985591,2,1,0,6.106943607,Wednesday,1,74.44998449
2022-02-03 03:00:00,20.5848909,39.25838878,1831.010382,0,1,1,17.17372536,Monday,0,69.19314438
2022-02-03 04:00:00,25.50999331,35.47907375,1950.355486,8,0,0,23.26903267,Tuesday,0,88.59672326
2022-02-03 05:00:00,22.76237612,43.31272491,1803.359257,6,1,0,7.930077246,Sunday,0,73.58727585
2022-02-03 06:00:00,28.53358765,37.00306503,1697.39912,1,0,1,7.059706988,Monday,0,75.74823227
2022-02-03 07:00:00,23.93992593,32.80443406,1712.388364,5,0,1,14.24899443,Friday,0,73.12946992
2022-02-03 08:00:00,25.56660939,35.10109143,1535.812088,8,1,0,3.849353664,Wednesday,0,82.91047044
2022-02-03 09:00:00,24.08361218,36.4749775,1924.26593,0,1,0,23.00780546,Thursday,0,68.27240947
2022-02-03 10:00:00,24.73966175,45.58300764,1668.376681,2,0,1,20.60776974,Sunday,0,71.58316626
2022-02-03 11:00:00,20.04435657,30.65218583,1038.83196,1,0,1,13.50108989,Wednesday,0,67.22109968
2022-02-03 12:00:00,20.99399431,39.4137876,1294.828186,3,1,0,28.08948169,Friday,0,80.08033044
2022-02-03 13:00:00,26.0914733,53.96120022,1722.175642,9,1,0,19.66573562,Wednesday,0,74.24422105
2022-02-03 14:00:00,28.01246676,46.21168709,1637.200243,5,0,1,10.52244804,Sunday,1,87.8095251
2022-02-03 15:00:00,28.54278847,36.45162732,1088.112229,8,1,1,5.477964582,Friday,1,86.32516881
2022-02-03 16:00:00,28.40811945,37.88392171,1457.602245,8,1,1,29.2231606,Monday,1,84.79082443
2022-02-03 17:00:00,22.99570812,45.79452841,1136.12353,3,1,1,15.44953167,Tuesday,0,66.23213007
2022-02-03 18:00:00,20.83318352,56.66324712,1273.178474,3,1,1,6.310262202,Friday,0,71.54282748
2022-02-03 19:00:00,25.78323915,51.60966188,1556.77544,7,0,1,13.1910757,Friday,1,79.55821443
2022-02-03 20:00:00,21.51125823,35.19788862,1420.144998,9,0,0,2.779646352,Monday,1,62.95025498
2022-02-03 21:00:00,21.94897546,55.60056774,1514.8019,6,0,1,27.83673546,Saturday,0,66.18474115
2022-02-03 22:00:00,26.01488046,35.75740519,1773.019737,0,0,1,19.55403569,Sunday,1,83.07569263
2022-02-03 23:00:00,25.19169167,47.51943831,1192.604028,2,0,0,24.85382425,Wednesday,1,71.48229017
2022-02-04 00:00:00,28.26504543,56.79329233,1932.134583,6,0,0,26.31944339,Thursday,0,83.38402609
2022-02-04 01:00:00,24.50754967,42.9668262,1328.15278,1,0,1,4.199481156,Monday,1,73.26989577
2022-02-04 02:00:00,24.28871387,48.36744649,1906.023915,7,0,0,20.00391199,Tuesday,1,70.20728103
2022-02-04 03:00:00,24.07103614,39.90131155,1312.273287,3,0,0,3.735108439,Saturday,0,66.30486305
2022-02-04 04:00:00,24.10334512,35.692113,1051.090985,0,1,0,10.88845622,Saturday,0,74.97728056
2022-02-04 05:00:00,21.57115267,58.05856667,1426.774677,7,0,1,1.961229419,Thursday,0,74.38874934
2022-02-04 06:00:00,28.28563924,56.60383216,1961.119962,3,1,1,27.2838793,Tuesday,1,86.1223494
2022-02-04 07:00:00,23.78426829,32.47064633,1352.643047,8,0,1,6.278132282,Wednesday,1,67.89021821
2022-02-04 08:00:00,21.79774133,52.26493182,1133.230885,3,1,0,10.27735123,Wednesday,0,75.97826561
2022-02-04 09:00:00,21.42627021,30.23178866,1942.979692,8,0,0,16.0398555,Thursday,1,76.68428383
2022-02-04 10:00:00,29.05297594,40.75143674,1233.309971,2,1,1,27.47079846,Saturday,1,83.05468484
2022-02-04 11:00:00,28.76532891,34.66679754,1739.973327,9,1,0,29.57115103,Wednesday,0,96.45214337
2022-02-04 12:00:00,22.54083143,34.84812982,1895.415687,7,0,0,15.03844057,Thursday,1,80.2060415
2022-02-04 13:00:00,26.55022702,50.41969838,1113.879294,2,1,0,8.536276202,Sunday,0,81.2737541
2022-02-04 14:00:00,28.92838672,41.10289251,1652.328151,9,0,0,27.91531848,Sunday,0,88.20566274
2022-02-04 15:00:00,24.37054662,43.78369053,1358.560009,3,1,0,26.37559633,Monday,1,79.60890866
2022-02-04 16:00:00,20.64682792,58.47525367,1233.718601,2,0,1,7.77522818,Thursday,0,61.39888772
2022-02-04 17:00:00,28.95982956,38.06314508,1191.072617,2,0,1,23.51337677,Thursday,0,83.78843868
2022-02-04 18:00:00,28.33608115,47.13751072,1696.002401,0,1,1,18.71482568,Wednesday,1,87.35825907
2022-02-04 19:00:00,29.22900467,56.38316548,1803.776781,1,1,0,3.412664931,Friday,0,84.58918212
2022-02-04 20:00:00,26.71843071,32.28247086,1735.317885,5,0,1,22.30969568,Saturday,1,80.05588357
2022-02-04 21:00:00,24.56759849,42.83672155,1217.023517,9,0,0,25.35062564,Thursday,1,74.61537841
2022-02-04 22:00:00,25.38193876,51.10486601,1709.680481,7,0,1,19.03446367,Friday,1,74.86247537
2022-02-04 23:00:00,29.38146069,44.66527946,1565.560958,8,1,0,11.19414621,Sunday,1,93.15131327
2022-02-05 00:00:00,28.79814763,44.18603881,1160.507925,6,0,0,25.18781921,Wednesday,0,84.37745793
2022-02-05 01:00:00,26.58033097,46.39039449,1665.325483,2,1,0,29.74952632,Sunday,1,80.01859292
2022-02-05 02:00:00,29.63049975,47.16853618,1507.91855,9,0,1,24.39504129,Friday,0,91.62295102
2022-02-05 03:00:00,28.45055924,32.84903053,1152.232413,2,1,0,4.758403058,Sunday,1,77.514805
2022-02-05 04:00:00,25.22320755,48.4696707,1930.337804,7,0,0,21.17730895,Thursday,0,79.13007292
2022-02-05 05:00:00,24.09088378,49.08952831,1014.027374,6,0,1,20.68327012,Friday,0,78.48401742
2022-02-05 06:00:00,26.71613186,57.34769752,1540.881405,1,0,1,12.27589386,Thursday,1,85.89818605
2022-02-05 07:00:00,24.00783052,58.4365523,1119.845736,2,1,0,17.63987847,Monday,1,83.4011243
2022-02-05 08:00:00,25.16829644,40.02654786,1632.958668,2,0,1,2.36688141,Wednesday,0,63.21657677
2022-02-05 09:00:00,22.27739106,39.72838496,1458.969229,3,0,1,25.77595467,Sunday,1,73.22462577
2022-02-05 10:00:00,25.6069144,46.00865182,1777.529556,8,0,1,3.123197924,Saturday,1,81.0498032
2022-02-05 11:00:00,25.34790012,32.93935539,1806.376492,4,1,1,15.39004349,Monday,1,79.19585224
2022-02-05 12:00:00,28.79738511,44.39125352,1505.012695,3,0,0,17.87913625,Sunday,1,88.29431992
2022-02-05 13:00:00,27.51066125,32.42067237,1395.755829,0,1,1,12.3694092,Thursday,1,82.97342334
2022-02-05 14:00:00,21.67499212,35.91682534,1151.428421,8,0,1,9.79471359,Tuesday,1,72.92881578
2022-02-05 15:00:00,27.88820533,48.11592237,1413.05665,9,0,1,19.88257834,Thursday,0,81.49782676
2022-02-05 16:00:00,22.0104221,54.23916765,1558.20286,3,1,1,10.36996687,Wednesday,1,69.23100378
2022-02-05 17:00:00,23.12435844,43.10017333,1369.646669,5,1,0,26.00157725,Thursday,0,75.86536114
2022-02-05 18:00:00,29.08737283,37.30496715,1315.389227,0,1,1,28.47273722,Tuesday,0,91.7555391
2022-02-05 19:00:00,26.04721462,35.85152786,1724.805026,5,0,0,23.91339127,Tuesday,1,85.13385609
2022-02-05 20:00:00,26.98789797,56.78537997,1149.656331,0,1,0,7.502223781,Saturday,1,82.56068812
2022-02-05 21:00:00,21.09688967,47.19790617,1353.003219,9,1,1,28.51762602,Friday,1,67.73072438
2022-02-05 22:00:00,29.74091479,34.11704979,1922.882824,5,1,1,28.43948815,Monday,1,96.12930554
2022-02-05 23:00:00,21.17484269,32.80046311,1119.144616,8,0,0,26.39205219,Sunday,0,70.83758873
2022-02-06 00:00:00,26.60848165,48.62548456,1396.978155,6,1,0,26.78455779,Friday,0,80.9817078
2022-02-06 01:00:00,20.03628741,38.68758536,1338.633407,0,1,0,25.77346515,Thursday,0,65.35606147
2022-02-06 02:00:00,22.71820691,59.72982547,1727.563495,2,0,1,13.50220565,Wednesday,1,72.0400341
2022-02-06 03:00:00,24.98107044,40.5971235,1774.370614,1,0,0,28.8727748,Tuesday,0,77.12078032
2022-02-06 04:00:00,21.76691226,53.67990211,1117.851652,7,1,0,19.92896703,Saturday,0,75.34853571
2022-02-06 05:00:00,26.33652802,38.57671253,1351.894372,2,0,0,4.689326676,Sunday,1,71.39760851
2022-02-06 06:00:00,27.7595366,46.74498699,1676.765749,1,1,1,4.793696323,Thursday,0,86.0852701
2022-02-06 07:00:00,28.35771876,42.09815575,1974.84366,3,1,0,14.91297213,Wednesday,0,93.38115408
2022-02-06 08:00:00,29.95881393,55.97018463,1418.618421,1,1,1,3.530509656,Wednesday,1,96.82701547
2022-02-06 09:00:00,25.04883514,59.93870799,1655.879783,8,1,0,20.03670502,Friday,1,80.88730638
2022-02-06 10:00:00,22.59529216,33.60949472,1013.537571,1,1,1,18.21754037,Tuesday,1,69.22037411
2022-02-06 11:00:00,24.00912721,45.67662693,1661.566038,5,0,1,14.08588549,Saturday,0,60.91932103
2022-02-06 12:00:00,22.36843591,38.06663189,1244.277768,6,1,1,29.36308708,Monday,1,75.53856591
2022-02-06 13:00:00,27.5395163,50.86960692,1202.496283,8,0,1,13.92389479,Wednesday,0,79.79984375
2022-02-06 14:00:00,20.2444334,39.79680337,1366.348981,1,1,1,22.4530324,Thursday,0,71.54910417
2022-02-06 15:00:00,29.01783486,32.13479336,1990.998064,2,1,0,0.2998616631,Saturday,0,84.69091054
2022-02-06 16:00:00,26.37917495,56.62360535,1504.340134,4,1,1,13.04260615,Monday,0,83.60757994
2022-02-06 17:00:00,27.13106991,54.30234046,1728.830513,6,1,0,14.43909714,Wednesday,0,75.65001747
2022-02-06 18:00:00,24.41123228,38.30052851,1657.394673,1,1,1,28.86479154,Thursday,0,75.87689148
2022-02-06 19:00:00,24.37962563,39.06644928,1875.185346,6,1,1,3.872284597,Tuesday,0,81.09720609
2022-02-06 20:00:00,20.68580659,45.27762438,1943.388751,4,0,1,1.354592639,Friday,1,65.30920333
2022-02-06 21:00:00,26.3028212,38.0277994,1660.824178,3,0,1,14.86998234,Sunday,1,76.12563634
2022-02-06 22:00:00,23.20812798,50.52298821,1576.650231,8,0,0,23.50979269,Friday,0,73.72564333
2022-02-06 23:00:00,23.46602868,58.22187803,1548.184213,8,0,0,5.386863015,Friday,1,70.17277014
2022-02-07 00:00:00,22.46008002,49.59210976,1842.110837,7,1,0,13.60914322,Monday,1,67.46719138
2022-02-07 01:00:00,21.92434239,46.18612734,1495.470672,5,1,0,18.03722753,Sunday,0,76.6542085
2022-02-07 02:00:00,23.97881545,35.23788799,1567.587823,5,0,1,24.21464207,Tuesday,0,74.08847513
2022-02-07 03:00:00,22.73120326,52.4317671,1353.693756,3,0,1,2.744190045,Sunday,0,70.68157322
2022-02-07 04:00:00,29.67898257,56.63671441,1977.638488,2,0,1,5.751481334,Sunday,1,89.39200619
2022-02-07 05:00:00,28.34389954,50.74762688,1345.816776,0,0,0,29.94471443,Monday,1,82.97682702
2022-02-07 06:00:00,23.75753049,32.63769389,1131.595962,9,1,1,8.015882396,Sunday,1,82.21006924
2022-02-07 07:00:00,21.76140109,32.85550264,1521.870374,2,1,1,16.45020001,Monday,0,73.55268633
2022-02-07 08:00:00,21.21096323,54.6135702,1698.853156,5,1,1,5.968208256,Wednesday,1,77.21726258
2022-02-07 09:00:00,20.97957693,49.98834659,1495.381761,0,1,1,12.51692594,Wednesday,1,75.64266579
2022-02-07 10:00:00,26.54625073,41.28842309,1870.844367,6,0,0,10.21842348,Saturday,0,79.10797905
2022-02-07 11:00:00,22.6156225,59.66429932,1249.856391,4,0,1,29.74569347,Sunday,0,72.99207937
2022-02-07 12:00:00,21.86244659,41.16892155,1858.02594,0,0,0,11.79201315,Thursday,0,67.25414246
2022-02-07 13:00:00,24.52626836,47.72876262,1810.481249,4,1,1,8.670126436,Friday,1,80.1329726
2022-02-07 14:00:00,26.03597935,44.44486873,1558.706039,4,0,0,4.739846596,Friday,0,77.54516278
2022-02-07 15:00:00,22.39082226,41.21184932,1672.363708,8,0,0,29.77018612,Sunday,0,73.93699973
2022-02-07 16:00:00,25.72431059,48.99770537,1839.538794,9,1,0,28.34469106,Sunday,0,90.68396397
2022-02-07 17:00:00,28.73921426,40.61356446,1581.028219,8,1,1,17.37571731,Monday,0,84.48618077
2022-02-07 18:00:00,29.9834779,52.30399569,1493.797729,0,0,1,1.409984111,Thursday,1,74.65312778
2022-02-07 19:00:00,27.47582658,36.3306621,1013.072714,1,1,0,22.89163366,Wednesday,0,76.26071512
2022-02-07 20:00:00,24.21722998,45.40964841,1407.694485,1,0,0,8.746844754,Tuesday,1,64.04592358
2022-02-07 21:00:00,22.92128631,45.04984297,1770.6582,4,1,1,19.45268155,Tuesday,1,77.31037565
2022-02-07 22:00:00,21.35151333,48.12040521,1134.805061,6,0,1,24.55457558,Saturday,0,74.9489798
2022-02-07 23:00:00,24.34701566,42.80966918,1361.508571,0,1,1,24.44339854,Thursday,1,78.70128233
2022-02-08 00:00:00,29.96655439,40.78798271,1770.718733,9,0,1,27.68349878,Sunday,0,85.1702409
2022-02-08 01:00:00,23.89552403,41.99854406,1297.52281,8,1,0,13.58030644,Wednesday,1,83.94589323
2022-02-08 02:00:00,29.28538259,58.63841889,1681.295623,0,0,1,18.16163843,Tuesday,0,74.34243804
2022-02-08 03:00:00,27.22762839,50.83306666,1012.174213,7,0,0,16.85458402,Friday,1,84.7400975
2022-02-08 04:00:00,28.98693963,55.72651108,1114.405885,8,1,1,6.215048525,Friday,0,95.57079969
2022-02-08 05:00:00,25.52046425,51.50257537,1024.292134,1,1,0,2.405428679,Wednesday,0,79.29740483
2022-02-08 06:00:00,20.87472443,36.72812961,1736.05894,7,1,0,27.85375449,Saturday,0,66.56248893
2022-02-08 07:00:00,23.37897065,55.59427579,1728.007727,6,1,0,10.96517091,Tuesday,0,83.39737387
2022-02-08 08:00:00,25.97384509,55.79231404,1958.378935,4,1,0,3.767237392,Saturday,0,84.07356122
2022-02-08 09:00:00,22.26456678,40.73575249,1315.024311,1,0,0,20.5409058,Friday,1,68.01886834
2022-02-08 10:00:00,25.51182603,57.98447619,1256.27796,6,0,0,20.08215862,Friday,0,79.29216969
2022-02-08 11:00:00,24.37677484,47.06261507,1269.57325,8,0,0,16.22260812,Friday,1,72.42289482
2022-02-08 12:00:00,26.77358347,42.8745625,1645.146129,0,0,1,11.10296293,Wednesday,1,78.65715748
2022-02-08 13:00:00,28.36480086,49.04873986,1766.269521,9,1,1,7.318066703,Tuesday,1,92.05846873
2022-02-08 14:00:00,24.10295422,30.90579841,1214.957598,4,1,1,3.040940518,Friday,1,73.4805151
2022-02-08 15:00:00,21.25701577,35.17672077,1702.494029,1,1,0,24.24557385,Thursday,1,75.18282329
2022-02-08 16:00:00,23.50914938,50.84867785,1039.048418,0,0,0,9.273329852,Monday,1,72.96232564
2022-02-08 17:00:00,22.92890892,31.49945724,1173.191087,1,0,1,6.904323499,Saturday,1,79.48897674
2022-02-08 18:00:00,20.9666306,57.77128542,1197.554226,6,0,1,12.17299673,Sunday,0,71.97590774
2022-02-08 19:00:00,24.8313237,57.25345492,1521.816233,7,0,0,21.17786299,Sunday,0,70.05016652
2022-02-08 20:00:00,29.96347008,45.00621224,1402.850557,6,1,0,27.55156787,Thursday,1,88.62840259
2022-02-08 21:00:00,22.75723753,36.16652806,1338.993034,9,1,0,9.301831387,Thursday,1,74.72368767
2022-02-08 22:00:00,29.99867084,40.24384224,1866.074366,3,1,0,21.10484992,Wednesday,0,86.84048949
2022-02-08 23:00:00,27.44671039,54.86061809,1072.045538,6,0,1,16.05162288,Friday,1,74.3275063
2022-02-09 00:00:00,20.27935348,44.4364551,1631.173686,4,1,1,12.66861025,Saturday,0,63.298668
2022-02-09 01:00:00,29.60794278,53.48252631,1458.125785,0,1,0,11.73341648,Wednesday,0,90.27979418
2022-02-09 02:00:00,24.12651879,30.76844334,1855.897367,2,1,0,28.53311776,Sunday,0,71.0815677
2022-02-09 03:00:00,21.81587758,44.57454914,1706.634595,0,0,0,7.475806636,Sunday,0,65.44361099
2022-02-09 04:00:00,23.11871542,56.43582098,1069.257637,6,1,1,26.02021318,Saturday,0,72.51223872
2022-02-09 05:00:00,21.65038824,48.94623968,1928.157762,0,0,0,13.49112132,Tuesday,1,64.62759468
2022-02-09 06:00:00,21.11181188,58.7689595,1929.923475,6,1,0,28.28447642,Thursday,1,69.59831785
2022-02-09 07:00:00,24.80157848,48.89517137,1456.421845,4,1,1,19.82627632,Sunday,1,75.91929167
2022-02-09 08:00:00,28.52216971,39.95780969,1633.900948,3,1,1,10.28731907,Thursday,1,90.07860084
2022-02-09 09:00:00,24.54524303,46.32449446,1776.670019,6,0,0,28.88555815,Thursday,0,79.81306116
2022-02-09 10:00:00,24.77875811,39.14501529,1720.424126,9,0,0,14.27638469,Friday,1,72.35976106
2022-02-09 11:00:00,27.58947168,40.46900316,1521.920054,8,0,0,8.235998295,Thursday,0,83.13482274
2022-02-09 12:00:00,22.33810762,52.79628694,1935.580917,5,0,0,18.6837544,Friday,1,69.88707787
2022-02-09 13:00:00,28.54320478,34.14247653,1284.661812,5,0,0,24.01474337,Saturday,1,79.68546683
2022-02-09 14:00:00,23.15954912,32.39728726,1013.993963,8,1,1,27.02675523,Sunday,1,85.9483637
2022-02-09 15:00:00,25.36081241,53.68370098,1497.781305,2,1,0,22.44743527,Sunday,1,74.2580241
2022-02-09 16:00:00,27.00329109,42.48058093,1662.270886,9,0,0,15.60382902,Wednesday,0,76.35641844
2022-02-09 17:00:00,25.07977843,35.18174584,1328.48345,1,1,1,28.29048877,Wednesday,1,79.6434927
2022-02-09 18:00:00,26.97346532,33.66250249,1470.13487,9,0,0,17.58934854,Saturday,0,70.99655426
2022-02-09 19:00:00,21.67601269,49.48200699,1020.900764,1,1,1,28.05049478,Saturday,1,82.1063365
2022-02-09 20:00:00,27.65398675,41.17542628,1850.085514,9,1,0,28.8977131,Friday,0,88.26987975
2022-02-09 21:00:00,23.82850402,34.2562567,1303.487056,8,1,1,20.99963968,Friday,1,83.56867192
2022-02-09 22:00:00,29.90356446,42.49379181,1677.913622,5,0,0,14.89854422,Wednesday,0,86.33804991
2022-02-09 23:00:00,28.74811635,48.88802887,1999.982252,6,0,0,13.31338282,Sunday,1,76.76750273
2022-02-10 00:00:00,26.82476002,44.48031813,1639.72457,0,0,1,20.64168481,Tuesday,1,69.98962714
2022-02-10 01:00:00,24.19147474,46.78944352,1391.984705,7,0,1,11.09504436,Tuesday,0,71.83354858
2022-02-10 02:00:00,22.09821551,40.97286589,1004.110672,4,1,0,17.96162736,Tuesday,0,76.93341383
2022-02-10 03:00:00,25.41041221,43.79639912,1988.438474,7,1,1,3.259769336,Friday,1,85.93800098
2022-02-10 04:00:00,21.32140749,49.25173662,1456.138582,0,1,1,8.356039602,Friday,0,73.76491766
2022-02-10 05:00:00,24.89353003,39.76444688,1171.573759,8,1,1,15.63925603,Tuesday,1,81.37491575
2022-02-10 06:00:00,20.65343141,57.5286737,1887.513008,4,1,1,10.95825475,Tuesday,1,64.16044094
2022-02-10 07:00:00,21.83707121,45.6398194,1256.950175,7,0,1,23.3073866,Tuesday,0,70.64422481
2022-02-10 08:00:00,22.64060301,34.75077908,1368.568363,5,1,0,11.36764106,Wednesday,1,77.15619925
2022-02-10 09:00:00,21.67949307,46.16724229,1780.306629,0,1,1,22.63854344,Tuesday,1,67.00711452
2022-02-10 10:00:00,25.83693571,39.91961121,1365.489673,7,0,0,19.96532895,Sunday,1,83.07131441
2022-02-10 11:00:00,28.01843862,31.6070045,1848.972478,7,0,0,22.5892811,Friday,0,87.40830975
2022-02-10 12:00:00,25.0810286,31.30369837,1555.747609,3,0,0,5.219766712,Friday,1,81.3851548
2022-02-10 13:00:00,27.41799993,54.11174065,1743.000203,3,0,1,12.65758932,Friday,0,85.55623558
2022-02-10 14:00:00,24.57506756,39.76196305,1229.593896,8,0,1,14.68528091,Tuesday,1,71.35978103
2022-02-10 15:00:00,25.03816646,32.48298031,1591.257028,9,1,1,20.96906343,Sunday,1,77.81280294
2022-02-10 16:00:00,23.6010955,52.29507782,1502.556907,5,0,0,11.97459575,Thursday,0,74.00829413
2022-02-10 17:00:00,21.39132081,49.70370719,1271.287259,4,0,0,19.7408747,Sunday,1,67.44994385
2022-02-10 18:00:00,26.77268343,50.96743714,1077.006204,4,0,1,10.32507507,Thursday,0,87.42884439
2022-02-10 19:00:00,21.65418894,49.52798955,1404.67691,8,1,0,8.181562006,Sunday,1,73.94489716
2022-02-10 20:00:00,28.78103161,36.2983093,1153.793053,1,0,1,25.6128022,Tuesday,0,79.66377871
2022-02-10 21:00:00,21.26410298,53.10358036,1950.1291,3,1,1,23.58646429,Wednesday,0,67.04524827
2022-02-10 22:00:00,24.64351697,35.28092919,1728.931522,5,0,1,27.90264858,Sunday,0,75.1460117
2022-02-10 23:00:00,23.15849344,40.15090339,1257.691922,7,0,1,8.46875727,Tuesday,0,68.30644775
2022-02-11 00:00:00,20.59433697,50.11578099,1359.434898,0,0,0,24.28675851,Friday,0,77.43311989
2022-02-11 01:00:00,28.04502233,47.54905793,1017.976144,3,0,1,28.68973156,Saturday,1,85.27102849
2022-02-11 02:00:00,22.23694823,31.93671848,1718.346948,5,0,1,11.37711481,Wednesday,1,62.72987332
2022-02-11 03:00:00,23.90781959,47.47699014,1377.292762,4,1,0,7.06313,Tuesday,0,73.62123677
2022-02-11 04:00:00,29.16942055,48.93452837,1804.773016,6,1,1,9.914354977,Thursday,1,86.78020327
2022-02-11 05:00:00,21.39657155,59.67847838,1130.632071,3,0,0,19.44168405,Tuesday,1,71.77578114
2022-02-11 06:00:00,22.61967082,33.82695518,1508.402565,6,1,1,27.15259878,Wednesday,0,74.63895632
2022-02-11 07:00:00,21.99021373,58.50181955,1352.489676,6,0,0,6.280063687,Monday,0,64.90307782
2022-02-11 08:00:00,27.62188333,52.27517309,1853.970923,8,0,0,12.00588118,Saturday,1,93.63964381
2022-02-11 09:00:00,28.73284417,44.17064781,1168.937033,9,1,0,4.099814705,Saturday,0,83.29946207
2022-02-11 10:00:00,26.65688869,54.16366826,1539.671618,8,1,0,28.61894505,Friday,0,89.96406418
2022-02-11 11:00:00,28.6193823,48.85015976,1080.087,5,0,0,21.19469566,Saturday,0,82.30669219
2022-02-11 12:00:00,23.83664678,47.2564355,1705.235156,4,0,1,25.74817638,Tuesday,1,66.57731968
2022-02-11 13:00:00,23.00534022,48.72050097,1320.285281,6,0,1,0.2970785734,Friday,1,72.75347139
2022-02-11 14:00:00,25.13836489,31.30645921,1309.079719,3,1,0,20.42516313,Thursday,1,76.95038939
2022-02-11 15:00:00,23.05116487,42.61542133,1018.140606,6,0,1,2.455657498,Saturday,0,71.54531131